timestep,2030NEPC
1,50.43
2,50.4
3,48.89
4,48.68
5,48.68
6,48.68
7,48.68
8,48.68
9,48.68
10,48.68
11,48.68
12,48.68
13,48.68
14,48.89
15,50.4
16,50.43
17,53.6
18,55.55
19,55.26
20,53.6
21,53.6
22,53.6
23,51.99
24,51.96
25,50.43
26,50.43
27,50.43
28,50.43
29,51.96
30,51.96
31,51.99
32,52.27
33,53.6
34,53.6
35,51.99
36,51.99
37,50.43
38,51.99
39,56.53
40,57.27
41,60.86
42,60.86
43,60.86
44,60.86
45,60.08
46,59.29
47,59.04
48,58.28
49,57.27
50,57.27
51,58.28
52,59.04
53,60.86
54,68.56
55,68.56
56,68.56
57,68.56
58,68.56
59,68.56
60,68.56
61,68.56
62,68.56
63,68.56
64,68.56
65,68.56
66,68.56
67,68.56
68,68.56
69,68.56
70,68.56
71,66.5
72,60.86
73,59.29
74,59.04
75,59.04
76,59.04
77,60.86
78,66.5
79,68.56
80,68.56
81,68.56
82,68.56
83,60.86
84,60.86
85,60.86
86,66.5
87,68.56
88,68.56
89,68.56
90,68.56
91,68.56
92,68.56
93,63.02
94,60.86
95,58.28
96,57.27
97,56.53
98,56.53
99,56.53
100,56.53
101,57.27
102,59.04
103,66.5
104,66.5
105,60.86
106,59.04
107,58.28
108,57.27
109,57.27
110,58.28
111,59.29
112,60.86
113,64.51
114,60.86
115,59.04
116,58.28
117,55.55
118,53.6
119,50.43
120,50.43
121,50.43
122,50.43
123,50.43
124,50.43
125,50.43
126,51.99
127,57.27
128,57.27
129,57.27
130,57.27
131,57.27
132,57.27
133,55.79
134,57.27
135,58.28
136,59.04
137,59.33
138,59.33
139,59.04
140,57.27
141,53.6
142,51.99
143,50.43
144,50.43
145,50.4
146,50.4
147,50.43
148,50.43
149,51.99
150,59.04
151,60.86
152,60.86
153,60.86
154,60.86
155,60.86
156,60.86
157,60.86
158,60.86
159,60.86
160,60.86
161,60.86
162,60.86
163,59.04
164,57.52
165,51.99
166,51.99
167,50.43
168,50.4
169,50.4
170,50.4
171,48.89
172,47.65
173,47.65
174,47.65
175,47.65
176,48.89
177,47.65
178,47.65
179,47.65
180,47.65
181,47.65
182,47.65
183,47.65
184,47.65
185,48.89
186,48.92
187,47.65
188,47.65
189,47.65
190,47.65
191,47.65
192,47.65
193,47.65
194,47.65
195,47.65
196,47.65
197,47.65
198,47.65
199,47.65
200,47.65
201,50.4
202,50.4
203,50.4
204,50.4
205,50.4
206,50.43
207,51.99
208,55.55
209,58.28
210,59.04
211,59.04
212,58.28
213,57.27
214,58.28
215,57.27
216,57.27
217,55.55
218,56.53
219,57.27
220,57.27
221,59.04
222,65.01
223,65.01
224,65.01
225,65.01
226,65.01
227,59.29
228,59.04
229,59.04
230,60.86
231,65.01
232,65.01
233,65.01
234,65.01
235,65.01
236,65.01
237,60.86
238,60.86
239,59.04
240,57.27
241,57.27
242,53.6
243,53.6
244,53.6
245,56.53
246,60.86
247,63.06
248,63.06
249,60.86
250,59.04
251,59.04
252,58.28
253,59.04
254,60.86
255,60.86
256,63.06
257,63.06
258,63.06
259,60.86
260,59.04
261,58.28
262,57.27
263,53.6
264,53.6
265,53.6
266,51.99
267,51.99
268,51.99
269,53.6
270,57.27
271,59.29
272,60.86
273,60.86
274,59.29
275,60.86
276,60.86
277,59.29
278,60.86
279,60.86
280,62.75
281,63.06
282,63.06
283,63.06
284,60.86
285,59.29
286,58.28
287,53.6
288,53.6
289,53.6
290,53.6
291,53.6
292,53.6
293,56.53
294,60.86
295,63.39
296,63.39
297,63.39
298,63.39
299,63.39
300,63.39
301,63.39
302,63.39
303,63.39
304,63.39
305,63.39
306,62.75
307,59.29
308,58.28
309,53.6
310,51.99
311,50.43
312,50.4
313,50.4
314,50.4
315,50.4
316,50.4
317,50.43
318,57.27
319,59.29
320,59.29
321,59.29
322,59.29
323,59.04
324,57.27
325,57.27
326,57.27
327,57.27
328,57.27
329,57.27
330,57.27
331,57.27
332,51.99
333,50.43
334,50.43
335,50.4
336,47.65
337,47.65
338,47.65
339,47.65
340,47.65
341,47.65
342,47.65
343,47.65
344,50.4
345,50.43
346,50.4
347,49.13
348,48.89
349,47.65
350,48.89
351,50.4
352,50.43
353,51.41
354,51.99
355,50.43
356,50.4
357,47.65
358,50.4
359,47.65
360,47.65
361,47.65
362,47.65
363,47.65
364,47.65
365,47.65
366,47.65
367,47.65
368,47.65
369,47.65
370,47.65
371,47.65
372,47.65
373,47.65
374,47.65
375,47.65
376,50.4
377,51.99
378,53.6
379,51.99
380,50.43
381,50.43
382,50.43
383,50.43
384,50.43
385,50.43
386,50.43
387,50.43
388,53.6
389,59.04
390,68.56
391,68.56
392,68.56
393,68.56
394,68.56
395,66.5
396,62.75
397,64.51
398,68.56
399,68.56
400,68.56
401,68.56
402,68.56
403,68.56
404,68.56
405,64.51
406,62.75
407,60.08
408,59.04
409,58.28
410,58.28
411,58.28
412,59.04
413,59.29
414,68.56
415,68.56
416,68.56
417,68.56
418,68.56
419,68.56
420,68.56
421,68.56
422,68.56
423,68.56
424,68.56
425,68.56
426,68.56
427,68.56
428,68.56
429,68.56
430,66.5
431,60.86
432,59.04
433,58.28
434,58.28
435,58.28
436,58.28
437,59.04
438,66.5
439,68.56
440,68.56
441,68.56
442,68.56
443,68.56
444,66.5
445,66.5
446,68.56
447,68.56
448,68.56
449,70.68
450,70.68
451,69.76
452,68.56
453,68.56
454,68.56
455,64.51
456,60.86
457,60.86
458,60.86
459,60.86
460,60.86
461,63.02
462,68.56
463,70.68
464,70.68
465,70.68
466,68.56
467,68.56
468,63.85
469,62.75
470,68.56
471,68.56
472,70.68
473,70.68
474,70.68
475,70.68
476,70.68
477,68.56
478,68.56
479,68.56
480,68.56
481,68.56
482,68.56
483,68.56
484,68.56
485,68.56
486,70.68
487,70.68
488,70.68
489,70.68
490,68.56
491,68.56
492,68.56
493,68.56
494,68.56
495,70.68
496,70.68
497,70.68
498,70.68
499,70.68
500,70.68
501,70.68
502,68.56
503,68.56
504,68.56
505,68.56
506,68.56
507,68.56
508,68.56
509,68.56
510,68.56
511,68.56
512,68.56
513,68.56
514,68.56
515,60.86
516,60.86
517,60.86
518,60.86
519,68.56
520,68.56
521,68.56
522,68.56
523,68.56
524,68.56
525,68.56
526,68.56
527,64.51
528,59.29
529,58.28
530,58.28
531,58.28
532,58.28
533,58.28
534,58.28
535,59.04
536,59.29
537,59.04
538,59.04
539,59.04
540,58.28
541,59.02
542,60.08
543,60.86
544,63.02
545,68.56
546,68.56
547,68.56
548,68.56
549,68.56
550,68.56
551,62.75
552,60.86
553,60.86
554,59.29
555,59.29
556,59.29
557,60.86
558,68.56
559,68.56
560,68.56
561,68.56
562,68.56
563,68.56
564,68.56
565,68.56
566,68.56
567,68.56
568,68.56
569,68.56
570,68.56
571,68.56
572,68.56
573,66.5
574,60.86
575,58.28
576,58.28
577,57.27
578,57.25
579,57.25
580,57.25
581,57.27
582,58.28
583,59.29
584,60.86
585,59.29
586,59.04
587,58.28
588,58.28
589,58.28
590,58.28
591,60.86
592,64.51
593,68.56
594,68.56
595,68.56
596,68.56
597,68.56
598,66.5
599,64.51
600,60.86
601,60.08
602,59.29
603,59.29
604,60.08
605,66.5
606,68.56
607,68.56
608,68.56
609,68.56
610,68.56
611,68.56
612,68.56
613,68.56
614,68.56
615,68.56
616,68.56
617,68.56
618,68.56
619,68.56
620,68.56
621,68.56
622,68.56
623,68.56
624,61.94
625,60.86
626,60.86
627,60.86
628,60.86
629,64.51
630,68.56
631,68.56
632,68.56
633,68.56
634,68.56
635,60.86
636,60.86
637,60.86
638,68.56
639,68.56
640,68.56
641,68.56
642,68.56
643,68.56
644,68.56
645,68.56
646,68.56
647,68.56
648,60.86
649,60.86
650,60.86
651,60.86
652,60.86
653,68.56
654,68.56
655,68.56
656,68.56
657,68.56
658,59.04
659,58.28
660,58.28
661,58.28
662,59.04
663,68.56
664,68.56
665,68.56
666,68.56
667,68.56
668,68.56
669,68.56
670,68.56
671,68.56
672,68.56
673,68.56
674,66.5
675,66.5
676,66.5
677,68.56
678,68.56
679,68.56
680,68.56
681,61.94
682,58.28
683,58.28
684,57.27
685,57.27
686,58.28
687,60.86
688,68.56
689,68.56
690,68.56
691,68.56
692,68.56
693,68.56
694,68.56
695,68.56
696,66.5
697,64.51
698,64.51
699,64.51
700,64.51
701,66.5
702,66.5
703,68.56
704,64.51
705,60.08
706,58.28
707,58.28
708,57.27
709,57.27
710,58.28
711,60.08
712,68.56
713,68.56
714,70.68
715,70.68
716,70.68
717,68.56
718,70.68
719,68.56
720,68.56
721,68.56
722,68.56
723,68.56
724,68.56
725,68.56
726,70.68
727,70.68
728,70.68
729,70.68
730,68.56
731,68.56
732,68.56
733,68.56
734,68.56
735,70.68
736,70.68
737,70.68
738,70.68
739,70.68
740,70.68
741,70.68
742,70.68
743,68.56
744,68.56
745,68.56
746,68.56
747,68.56
748,68.56
749,68.56
750,68.56
751,70.68
752,68.56
753,68.56
754,60.86
755,59.29
756,59.29
757,59.29
758,59.29
759,68.56
760,68.56
761,69.76
762,69.76
763,69.76
764,68.56
765,68.56
766,68.56
767,68.56
768,68.56
769,68.56
770,68.56
771,68.56
772,68.56
773,68.56
774,68.56
775,69.76
776,69.76
777,68.56
778,68.56
779,60.86
780,59.04
781,59.04
782,60.86
783,66.5
784,68.56
785,68.56
786,68.56
787,68.56
788,60.86
789,59.04
790,58.28
791,53.6
792,53.6
793,53.6
794,53.6
795,53.6
796,53.6
797,53.6
798,58.28
799,63.06
800,63.06
801,63.06
802,60.86
803,60.86
804,60.86
805,60.86
806,60.86
807,63.02
808,63.06
809,63.06
810,63.06
811,63.06
812,63.02
813,59.04
814,58.28
815,53.6
816,51.99
817,50.43
818,50.4
819,48.89
820,46.22
821,48.89
822,50.4
823,50.43
824,50.43
825,50.43
826,50.4
827,50.4
828,47.42
829,42.84
830,42.84
831,42.84
832,47.42
833,50.4
834,50.4
835,50.4
836,13.86
837,0
838,0
839,0
840,0
841,0
842,0
843,0
844,0
845,0
846,0
847,0
848,0
849,0
850,0
851,0
852,0
853,0
854,0
855,0
856,0
857,27.42
858,47.42
859,47.42
860,47.42
861,47.42
862,47.42
863,47.42
864,47.42
865,47.42
866,42.87
867,46.22
868,46.22
869,47.42
870,47.42
871,47.42
872,47.42
873,47.42
874,47.42
875,40.31
876,38.41
877,34.84
878,38.41
879,40.31
880,40.31
881,50.43
882,51.99
883,50.43
884,50.43
885,50.4
886,50.43
887,50.4
888,50.4
889,50.4
890,50.4
891,48.89
892,50.4
893,50.43
894,51.99
895,52.15
896,51.99
897,51.99
898,50.43
899,44.19
900,42.24
901,42.24
902,44.19
903,47.65
904,50.43
905,51.99
906,51.99
907,50.43
908,50.43
909,50.4
910,50.4
911,44.19
912,44.19
913,44.19
914,44.19
915,44.19
916,47.42
917,50.4
918,51.99
919,56.53
920,56.53
921,56.53
922,50.43
923,50.4
924,48.05
925,48.05
926,50.4
927,53.6
928,60.86
929,68.56
930,68.56
931,68.56
932,68.56
933,68.56
934,68.56
935,66.5
936,64.51
937,64.51
938,60.86
939,60.86
940,61.13
941,68.56
942,68.56
943,68.56
944,68.56
945,68.56
946,59.04
947,58.28
948,58.28
949,58.28
950,58.28
951,61.13
952,68.56
953,68.56
954,68.56
955,68.56
956,68.56
957,68.56
958,66.5
959,60.86
960,59.04
961,57.27
962,57.27
963,57.27
964,57.27
965,59.04
966,66.5
967,67.37
968,67.37
969,60.86
970,59.04
971,57.27
972,56.53
973,57.27
974,57.27
975,59.04
976,60.86
977,66.5
978,66.5
979,66.5
980,59.29
981,58.28
982,57.27
983,56.53
984,56.53
985,56.53
986,56.53
987,56.53
988,56.53
989,57.27
990,60.08
991,66.5
992,66.5
993,66.5
994,60.86
995,59.04
996,57.27
997,56.53
998,57.27
999,59.04
1000,60.86
1001,64.51
1002,66.5
1003,64.51
1004,59.04
1005,57.27
1006,53.6
1007,51.99
1008,51.99
1009,51.99
1010,51.99
1011,51.99
1012,51.99
1013,53.6
1014,57.27
1015,57.27
1016,57.27
1017,53.6
1018,51.99
1019,51.99
1020,51.99
1021,51.99
1022,51.99
1023,53.6
1024,57.27
1025,59.04
1026,60.86
1027,59.29
1028,59.04
1029,57.27
1030,57.27
1031,57.27
1032,55.26
1033,53.6
1034,53.6
1035,53.6
1036,53.6
1037,53.6
1038,53.6
1039,55.55
1040,57.27
1041,57.27
1042,53.6
1043,51.99
1044,51.99
1045,51.99
1046,51.99
1047,51.99
1048,53.6
1049,58.28
1050,58.28
1051,58.28
1052,57.27
1053,53.6
1054,55.55
1055,53.6
1056,51.99
1057,51.99
1058,51.99
1059,51.99
1060,51.99
1061,53.6
1062,58.28
1063,60.86
1064,60.86
1065,58.28
1066,56.53
1067,51.99
1068,51.99
1069,51.99
1070,56.53
1071,58.28
1072,60.86
1073,60.86
1074,63.06
1075,60.86
1076,60.86
1077,59.04
1078,58.28
1079,53.6
1080,53.6
1081,53.6
1082,53.6
1083,55.26
1084,56.53
1085,57.27
1086,62.75
1087,65.35
1088,65.35
1089,60.86
1090,58.28
1091,57.27
1092,56.53
1093,56.53
1094,57.27
1095,58.28
1096,59.04
1097,60.86
1098,65.35
1099,62.75
1100,59.04
1101,58.28
1102,57.27
1103,56.53
1104,55.55
1105,55.55
1106,55.55
1107,55.55
1108,55.55
1109,58.28
1110,66.5
1111,68.56
1112,68.56
1113,66.5
1114,59.29
1115,59.04
1116,59.04
1117,59.04
1118,60.86
1119,66.5
1120,68.56
1121,68.56
1122,68.56
1123,68.56
1124,68.56
1125,68.56
1126,68.56
1127,66.5
1128,60.86
1129,60.86
1130,60.86
1131,60.86
1132,60.86
1133,68.56
1134,68.56
1135,68.56
1136,68.56
1137,68.56
1138,64.51
1139,60.86
1140,59.29
1141,60.86
1142,66.5
1143,68.56
1144,68.56
1145,68.56
1146,68.56
1147,68.56
1148,68.56
1149,68.56
1150,68.56
1151,66.5
1152,64.51
1153,60.86
1154,60.86
1155,60.86
1156,66.5
1157,68.56
1158,68.56
1159,68.56
1160,68.56
1161,68.56
1162,68.56
1163,66.5
1164,64.51
1165,64.51
1166,68.56
1167,68.56
1168,68.56
1169,68.56
1170,68.56
1171,68.56
1172,68.56
1173,68.56
1174,68.56
1175,66.5
1176,59.29
1177,59.04
1178,58.28
1179,57.27
1180,57.27
1181,58.28
1182,58.28
1183,59.04
1184,59.04
1185,57.27
1186,51.99
1187,51.99
1188,51.99
1189,51.99
1190,51.99
1191,57.27
1192,59.04
1193,60.86
1194,60.86
1195,60.86
1196,59.29
1197,58.28
1198,58.28
1199,56.53
1200,53.6
1201,53.6
1202,53.6
1203,53.6
1204,53.6
1205,53.6
1206,53.6
1207,53.6
1208,51.99
1209,51.99
1210,51.99
1211,50.67
1212,50.67
1213,50.67
1214,51.99
1215,51.99
1216,55.55
1217,59.04
1218,60.86
1219,60.86
1220,60.86
1221,60.86
1222,60.86
1223,59.04
1224,58.28
1225,58.28
1226,57.27
1227,57.27
1228,59.04
1229,60.86
1230,66.5
1231,68.56
1232,66.5
1233,59.04
1234,56.53
1235,56.53
1236,56.53
1237,56.53
1238,57.27
1239,59.04
1240,68.56
1241,68.56
1242,68.56
1243,68.56
1244,68.56
1245,68.56
1246,66.5
1247,60.86
1248,60.86
1249,60.86
1250,60.08
1251,60.08
1252,60.08
1253,64.51
1254,68.56
1255,68.56
1256,68.56
1257,58.28
1258,58.28
1259,57.27
1260,57.27
1261,57.27
1262,58.28
1263,60.86
1264,68.56
1265,68.56
1266,68.56
1267,68.56
1268,68.56
1269,68.56
1270,68.56
1271,68.56
1272,68.56
1273,66.5
1274,66.5
1275,64.51
1276,66.5
1277,68.56
1278,68.56
1279,68.56
1280,68.56
1281,59.29
1282,58.28
1283,58.28
1284,58.28
1285,58.28
1286,58.28
1287,60.86
1288,68.56
1289,68.56
1290,68.56
1291,68.56
1292,68.56
1293,68.56
1294,66.5
1295,60.86
1296,58.28
1297,58.28
1298,58.28
1299,58.28
1300,58.28
1301,64.51
1302,68.56
1303,68.56
1304,68.56
1305,68.56
1306,60.86
1307,59.04
1308,58.28
1309,59.04
1310,60.86
1311,68.56
1312,68.56
1313,68.56
1314,68.56
1315,68.56
1316,68.56
1317,68.56
1318,68.56
1319,66.5
1320,64.51
1321,60.86
1322,60.86
1323,60.08
1324,60.86
1325,66.5
1326,68.56
1327,68.56
1328,68.56
1329,68.56
1330,59.04
1331,58.28
1332,58.28
1333,58.28
1334,58.28
1335,59.04
1336,64.51
1337,68.56
1338,68.56
1339,68.56
1340,68.56
1341,60.86
1342,60.86
1343,58.28
1344,57.27
1345,55.55
1346,53.6
1347,51.99
1348,51.99
1349,53.6
1350,53.6
1351,53.6
1352,50.43
1353,50.43
1354,50.43
1355,50.43
1356,50.43
1357,50.4
1358,50.43
1359,50.43
1360,50.43
1361,53.6
1362,57.27
1363,58.28
1364,57.27
1365,53.6
1366,53.6
1367,51.99
1368,50.43
1369,50.43
1370,50.43
1371,50.43
1372,50.43
1373,50.43
1374,50.43
1375,50.43
1376,50.43
1377,50.43
1378,50.43
1379,50.43
1380,50.43
1381,50.43
1382,50.43
1383,50.43
1384,53.6
1385,57.27
1386,59.04
1387,59.29
1388,59.04
1389,59.04
1390,59.29
1391,58.28
1392,57.27
1393,57.27
1394,57.27
1395,58.28
1396,59.04
1397,60.86
1398,67.67
1399,68.56
1400,67.67
1401,60.86
1402,57.52
1403,57.52
1404,57.27
1405,57.52
1406,57.52
1407,60.86
1408,68.56
1409,68.56
1410,68.56
1411,68.56
1412,68.56
1413,68.56
1414,68.56
1415,68.56
1416,64.51
1417,66.5
1418,66.5
1419,62.75
1420,68.56
1421,68.56
1422,68.56
1423,68.56
1424,68.56
1425,60.86
1426,57.27
1427,56.53
1428,52.24
1429,52.24
1430,55.53
1431,56.53
1432,60.86
1433,66.5
1434,66.5
1435,66.5
1436,66.5
1437,61.13
1438,61.13
1439,60.86
1440,59.29
1441,59.04
1442,59.04
1443,59.04
1444,59.29
1445,60.86
1446,66.5
1447,66.5
1448,59.04
1449,56.53
1450,50.67
1451,50.67
1452,50.43
1453,50.43
1454,50.67
1455,52.24
1456,56.53
1457,60.86
1458,66.5
1459,66.5
1460,66.5
1461,60.86
1462,60.86
1463,60.86
1464,59.04
1465,59.04
1466,59.29
1467,60.86
1468,60.86
1469,66.5
1470,68.56
1471,68.56
1472,66.5
1473,57.27
1474,56.53
1475,54.83
1476,52.24
1477,52.24
1478,56.53
1479,58.28
1480,61.13
1481,68.56
1482,68.56
1483,68.56
1484,68.56
1485,68.56
1486,68.56
1487,68.56
1488,68.56
1489,68.56
1490,68.56
1491,68.56
1492,68.56
1493,68.56
1494,68.56
1495,68.56
1496,68.56
1497,66.5
1498,59.04
1499,58.28
1500,57.27
1501,58.28
1502,58.28
1503,59.29
1504,68.56
1505,68.56
1506,68.56
1507,68.56
1508,68.56
1509,68.56
1510,68.56
1511,68.56
1512,66.5
1513,64.51
1514,61.94
1515,60.08
1516,59.29
1517,59.29
1518,60.86
1519,60.86
1520,59.04
1521,55.26
1522,50.43
1523,50.18
1524,48.68
1525,47.22
1526,46.29
1527,48.68
1528,50.43
1529,55.55
1530,57.27
1531,57.27
1532,57.27
1533,55.55
1534,55.55
1535,53.6
1536,53.6
1537,53.6
1538,53.6
1539,55.26
1540,56.53
1541,57.27
1542,57.27
1543,57.27
1544,50.43
1545,48.68
1546,44.82
1547,43.53
1548,43.53
1549,43.53
1550,44.82
1551,48.68
1552,50.43
1553,57.27
1554,59.04
1555,59.04
1556,59.04
1557,59.04
1558,59.04
1559,59.04
1560,59.04
1561,59.04
1562,58.28
1563,58.28
1564,59.04
1565,59.04
1566,59.04
1567,59.04
1568,59.04
1569,50.43
1570,50.18
1571,46.29
1572,44.82
1573,46.2
1574,48.89
1575,50.4
1576,57.27
1577,59.04
1578,59.04
1579,59.04
1580,59.04
1581,59.04
1582,58.28
1583,57.27
1584,53.6
1585,53.6
1586,53.6
1587,53.6
1588,56.53
1589,58.28
1590,59.04
1591,59.04
1592,58.28
1593,51.99
1594,50.4
1595,48.68
1596,46.39
1597,46.29
1598,48.68
1599,50.4
1600,55.55
1601,57.27
1602,57.27
1603,57.27
1604,57.27
1605,57.27
1606,55.55
1607,51.99
1608,50.43
1609,50.43
1610,50.43
1611,50.43
1612,50.43
1613,53.6
1614,57.27
1615,57.27
1616,55.55
1617,50.43
1618,48.68
1619,44.9
1620,43.55
1621,44.9
1622,46.39
1623,48.68
1624,50.43
1625,53.6
1626,57.27
1627,57.27
1628,57.27
1629,57.27
1630,57.27
1631,53.6
1632,53.6
1633,53.6
1634,53.6
1635,53.6
1636,53.6
1637,55.55
1638,57.27
1639,57.27
1640,57.27
1641,53.6
1642,42.87
1643,42.87
1644,26.6
1645,26.6
1646,42.87
1647,42.87
1648,42.87
1649,50.4
1650,50.43
1651,50.43
1652,50.4
1653,46.2
1654,43.55
1655,42.87
1656,42.87
1657,42.87
1658,42.87
1659,42.87
1660,42.87
1661,50.4
1662,50.43
1663,50.43
1664,50.43
1665,50.4
1666,42.87
1667,42.87
1668,42.87
1669,42.87
1670,42.87
1671,50.4
1672,53.6
1673,59.04
1674,59.29
1675,60.62
1676,60.62
1677,59.29
1678,59.29
1679,58.28
1680,57.27
1681,53.6
1682,51.99
1683,51.99
1684,50.43
1685,51.99
1686,51.99
1687,53.6
1688,53.6
1689,50.43
1690,50.4
1691,49.1
1692,49.1
1693,49.1
1694,50.4
1695,50.4
1696,51.99
1697,57.27
1698,57.27
1699,57.27
1700,51.99
1701,50.43
1702,51.99
1703,51.99
1704,50.43
1705,50.43
1706,51.96
1707,51.99
1708,51.99
1709,51.99
1710,51.99
1711,51.99
1712,51.99
1713,51.99
1714,51.96
1715,50.43
1716,51.96
1717,50.43
1718,53.6
1719,57.27
1720,60.86
1721,66.5
1722,66.5
1723,66.5
1724,66.5
1725,66.5
1726,66.5
1727,66.5
1728,62.75
1729,60.86
1730,60.86
1731,60.86
1732,60.86
1733,66.5
1734,66.5
1735,66.5
1736,66.5
1737,66.5
1738,60.86
1739,60.86
1740,60.86
1741,60.86
1742,62.75
1743,66.5
1744,66.5
1745,66.5
1746,66.5
1747,66.5
1748,66.5
1749,66.5
1750,66.5
1751,60.86
1752,59.29
1753,59.04
1754,59.04
1755,59.04
1756,59.04
1757,59.29
1758,66.5
1759,66.5
1760,60.86
1761,58.28
1762,50.43
1763,50.4
1764,50.4
1765,50.4
1766,50.4
1767,50.4
1768,50.43
1769,55.55
1770,57.27
1771,57.27
1772,51.99
1773,50.43
1774,50.43
1775,50.43
1776,50.4
1777,50.4
1778,50.4
1779,50.4
1780,50.4
1781,50.43
1782,53.6
1783,55.55
1784,53.6
1785,50.43
1786,50.4
1787,50.4
1788,50.4
1789,50.4
1790,50.4
1791,50.4
1792,50.4
1793,51.99
1794,57.27
1795,57.27
1796,55.55
1797,53.6
1798,53.6
1799,51.99
1800,50.43
1801,50.43
1802,50.43
1803,50.43
1804,50.43
1805,51.99
1806,59.04
1807,60.86
1808,64.51
1809,60.86
1810,60.86
1811,64.51
1812,64.51
1813,64.51
1814,64.51
1815,66.5
1816,66.5
1817,66.5
1818,66.5
1819,66.5
1820,66.5
1821,66.5
1822,66.5
1823,64.54
1824,60.86
1825,59.04
1826,59.04
1827,57.52
1828,58.28
1829,59.29
1830,66.5
1831,66.5
1832,66.5
1833,64.51
1834,60.86
1835,58.28
1836,55.79
1837,55.55
1838,55.55
1839,57.27
1840,59.29
1841,60.86
1842,65.35
1843,65.35
1844,64.51
1845,60.86
1846,60.86
1847,60.86
1848,59.04
1849,59.04
1850,57.27
1851,55.55
1852,55.55
1853,57.27
1854,59.04
1855,59.04
1856,57.27
1857,51.73
1858,50.4
1859,48.89
1860,47.77
1861,47.77
1862,47.77
1863,50.43
1864,51.73
1865,59.29
1866,60.86
1867,60.86
1868,60.86
1869,60.86
1870,60.86
1871,60.86
1872,60.86
1873,60.86
1874,60.08
1875,59.29
1876,60.86
1877,60.86
1878,60.86
1879,57.27
1880,51.99
1881,51.73
1882,50.4
1883,48.89
1884,47.77
1885,47.77
1886,50.4
1887,50.43
1888,51.99
1889,60.86
1890,60.86
1891,60.86
1892,60.86
1893,60.86
1894,60.86
1895,60.86
1896,60.08
1897,59.04
1898,57.27
1899,57.27
1900,57.27
1901,59.04
1902,60.86
1903,60.86
1904,58.28
1905,51.99
1906,50.43
1907,49.3
1908,48.89
1909,50.4
1910,50.43
1911,51.73
1912,59.04
1913,60.86
1914,61.94
1915,62.75
1916,60.86
1917,60.86
1918,60.86
1919,60.86
1920,59.04
1921,58.28
1922,57.27
1923,57.27
1924,58.28
1925,59.29
1926,60.86
1927,60.86
1928,60.08
1929,53.6
1930,51.73
1931,50.4
1932,50.4
1933,50.4
1934,50.43
1935,51.73
1936,58.28
1937,61.94
1938,61.94
1939,62.75
1940,61.94
1941,61.94
1942,60.86
1943,60.86
1944,59.29
1945,59.04
1946,59.04
1947,59.29
1948,60.86
1949,61.94
1950,61.94
1951,61.94
1952,61.94
1953,60.86
1954,51.73
1955,50.43
1956,50.4
1957,50.4
1958,50.43
1959,51.73
1960,57.27
1961,60.86
1962,60.86
1963,60.86
1964,60.86
1965,60.86
1966,60.08
1967,58.28
1968,53.6
1969,53.6
1970,51.99
1971,51.99
1972,53.6
1973,59.04
1974,60.86
1975,60.86
1976,57.27
1977,51.73
1978,50.4
1979,47.77
1980,47.77
1981,47.77
1982,50.17
1983,50.43
1984,51.99
1985,60.86
1986,60.86
1987,61.94
1988,60.86
1989,60.86
1990,60.86
1991,60.86
1992,60.86
1993,59.29
1994,59.29
1995,59.04
1996,59.04
1997,60.86
1998,60.86
1999,60.86
2000,60.86
2001,55.79
2002,51.73
2003,50.43
2004,50.4
2005,50.4
2006,50.43
2007,51.73
2008,59.04
2009,60.86
2010,60.86
2011,60.86
2012,60.86
2013,60.86
2014,60.86
2015,59.29
2016,59.04
2017,57.27
2018,57.27
2019,55.26
2020,53.6
2021,55.55
2022,57.52
2023,57.52
2024,53.6
2025,50.43
2026,50.43
2027,50.43
2028,50.43
2029,50.43
2030,50.43
2031,50.43
2032,57.27
2033,59.33
2034,59.33
2035,60.86
2036,59.33
2037,59.33
2038,59.33
2039,59.04
2040,57.27
2041,53.6
2042,53.6
2043,53.6
2044,55.26
2045,55.26
2046,53.88
2047,51.99
2048,50.43
2049,50.43
2050,50.4
2051,50.4
2052,50.17
2053,50.17
2054,50.4
2055,50.43
2056,51.99
2057,59.29
2058,59.33
2059,59.33
2060,59.33
2061,59.33
2062,59.29
2063,57.52
2064,57.27
2065,53.6
2066,51.99
2067,51.99
2068,55.82
2069,59.33
2070,59.33
2071,59.33
2072,59.33
2073,57.27
2074,50.43
2075,50.43
2076,50.4
2077,50.4
2078,50.43
2079,50.43
2080,57.55
2081,60.86
2082,62.26
2083,62.26
2084,62.26
2085,62.26
2086,62.26
2087,60.86
2088,59.33
2089,59.29
2090,59.29
2091,59.29
2092,60.86
2093,62.26
2094,62.75
2095,62.26
2096,59.29
2097,52.92
2098,51.99
2099,50.43
2100,50.43
2101,50.43
2102,50.43
2103,52.92
2104,59.04
2105,64.69
2106,64.69
2107,64.69
2108,64.69
2109,64.69
2110,64.69
2111,62.75
2112,60.86
2113,59.33
2114,59.33
2115,59.33
2116,64.69
2117,64.69
2118,64.69
2119,64.69
2120,60.86
2121,59.04
2122,55.55
2123,54.83
2124,52.4
2125,54.83
2126,54.83
2127,59.04
2128,64.51
2129,64.51
2130,64.69
2131,64.51
2132,60.86
2133,59.29
2134,57.27
2135,51.99
2136,51.99
2137,50.43
2138,50.43
2139,50.43
2140,51.99
2141,57.52
2142,59.29
2143,59.29
2144,57.27
2145,50.43
2146,50.4
2147,50.4
2148,48.89
2149,50.4
2150,50.4
2151,50.43
2152,50.43
2153,50.43
2154,50.43
2155,50.4
2156,42.87
2157,42.87
2158,42.87
2159,42.87
2160,42.87
2161,42.87
2162,42.87
2163,42.87
2164,42.87
2165,50.4
2166,50.43
2167,50.43
2168,50.43
2169,42.87
2170,42.87
2171,42.87
2172,42.87
2173,42.87
2174,43.7
2175,50.43
2176,53.6
2177,57.27
2178,58.15
2179,58.15
2180,58.15
2181,57.27
2182,53.6
2183,53.6
2184,53.6
2185,51.99
2186,51.99
2187,53.6
2188,53.6
2189,53.6
2190,53.6
2191,53.6
2192,50.43
2193,44.19
2194,42.87
2195,42.39
2196,42.22
2197,42.22
2198,42.87
2199,43.7
2200,50.4
2201,51.99
2202,51.99
2203,51.99
2204,51.96
2205,50.43
2206,50.43
2207,50.43
2208,50.43
2209,50.43
2210,50.43
2211,50.43
2212,51.96
2213,51.99
2214,51.99
2215,51.99
2216,50.43
2217,50.4
2218,44.19
2219,44.19
2220,44.19
2221,44.19
2222,50.4
2223,50.43
2224,57.27
2225,59.29
2226,59.29
2227,59.29
2228,59.29
2229,59.29
2230,59.29
2231,57.27
2232,53.6
2233,53.6
2234,51.99
2235,53.6
2236,59.04
2237,59.29
2238,59.29
2239,59.29
2240,59.29
2241,59.04
2242,51.99
2243,50.4
2244,50.4
2245,50.4
2246,50.4
2247,50.43
2248,55.55
2249,59.29
2250,59.29
2251,59.29
2252,59.29
2253,59.04
2254,55.79
2255,51.99
2256,51.99
2257,51.99
2258,51.99
2259,51.99
2260,53.6
2261,59.04
2262,59.29
2263,59.04
2264,51.99
2265,45.56
2266,40.96
2267,39.45
2268,39.45
2269,39.47
2270,43.41
2271,45.56
2272,50.43
2273,53.6
2274,53.6
2275,53.6
2276,53.6
2277,53.6
2278,53.6
2279,50.43
2280,50.43
2281,50.4
2282,50.4
2283,50.4
2284,50.43
2285,53.6
2286,53.6
2287,53.6
2288,53.6
2289,50.43
2290,48.89
2291,43.7
2292,42.22
2293,40.67
2294,43.41
2295,45.56
2296,50.4
2297,53.6
2298,53.6
2299,53.6
2300,53.6
2301,53.6
2302,51.99
2303,50.43
2304,50.4
2305,50.4
2306,47.42
2307,48.89
2308,50.43
2309,53.6
2310,53.6
2311,53.6
2312,50.4
2313,37.05
2314,37.05
2315,24.45
2316,13.63
2317,13.63
2318,14.73
2319,37.05
2320,37.05
2321,50.4
2322,50.4
2323,50.4
2324,50.4
2325,50.4
2326,50.4
2327,48.89
2328,48.89
2329,44.16
2330,47.42
2331,48.89
2332,50.4
2333,50.4
2334,50.4
2335,50.4
2336,48.89
2337,14.73
2338,14.73
2339,13.22
2340,0
2341,0
2342,0
2343,13.86
2344,14.73
2345,19.76
2346,24.45
2347,24.45
2348,24.45
2349,24.45
2350,24.45
2351,24.45
2352,24.45
2353,24.45
2354,24.45
2355,24.45
2356,24.45
2357,24.45
2358,24.45
2359,24.45
2360,24.45
2361,20.78
2362,19.81
2363,17.59
2364,17.12
2365,17.59
2366,17.61
2367,20.78
2368,50.4
2369,51.99
2370,51.99
2371,51.99
2372,51.99
2373,51.99
2374,51.99
2375,51.99
2376,51.99
2377,51.99
2378,51.99
2379,51.99
2380,51.99
2381,51.99
2382,51.99
2383,51.99
2384,50.4
2385,44.19
2386,42.11
2387,38.24
2388,38.24
2389,37.1
2390,38.24
2391,43.7
2392,50.4
2393,55.26
2394,59.29
2395,59.29
2396,59.29
2397,59.29
2398,59.29
2399,59.29
2400,59.04
2401,59.04
2402,59.04
2403,59.04
2404,59.29
2405,59.29
2406,59.29
2407,59.29
2408,59.29
2409,59.04
2410,55.79
2411,50.43
2412,50.43
2413,50.43
2414,50.43
2415,53.6
2416,59.04
2417,59.29
2418,59.29
2419,59.29
2420,59.29
2421,59.04
2422,51.99
2423,50.43
2424,50.43
2425,50.4
2426,43.53
2427,43.53
2428,48.89
2429,50.43
2430,51.21
2431,50.43
2432,14.73
2433,13.22
2434,13.22
2435,0
2436,0
2437,0
2438,0
2439,0
2440,13.22
2441,13.22
2442,48.03
2443,48.03
2444,48.03
2445,48.03
2446,41.11
2447,40.82
2448,40.82
2449,40.82
2450,40.82
2451,40.96
2452,48.03
2453,50.4
2454,50.4
2455,50.4
2456,45.19
2457,40.82
2458,40.82
2459,40.82
2460,40.82
2461,40.82
2462,40.82
2463,41.11
2464,51.99
2465,59.29
2466,60.86
2467,61.13
2468,61.13
2469,61.13
2470,60.86
2471,60.86
2472,60.86
2473,59.29
2474,60.86
2475,60.86
2476,60.86
2477,61.13
2478,61.13
2479,61.13
2480,61.13
2481,60.86
2482,59.04
2483,55.79
2484,51.99
2485,51.99
2486,55.79
2487,59.04
2488,60.86
2489,61.13
2490,61.13
2491,61.13
2492,61.13
2493,61.13
2494,61.13
2495,60.86
2496,60.86
2497,60.86
2498,60.86
2499,60.86
2500,61.13
2501,61.13
2502,61.13
2503,61.13
2504,60.86
2505,57.52
2506,51.99
2507,51.96
2508,51.96
2509,51.96
2510,51.96
2511,53.6
2512,59.29
2513,61.13
2514,61.13
2515,61.13
2516,61.13
2517,61.13
2518,61.13
2519,60.86
2520,60.86
2521,59.29
2522,59.29
2523,59.29
2524,59.29
2525,60.86
2526,59.29
2527,59.29
2528,53.6
2529,50.43
2530,50.43
2531,50.4
2532,50.4
2533,50.4
2534,50.4
2535,50.43
2536,53.6
2537,59.29
2538,60.86
2539,60.86
2540,60.86
2541,59.33
2542,59.33
2543,59.29
2544,59.29
2545,59.04
2546,59.04
2547,57.52
2548,57.52
2549,57.27
2550,57.27
2551,51.99
2552,50.4
2553,50.4
2554,48.68
2555,44.9
2556,43.7
2557,44.9
2558,44.94
2559,50.4
2560,50.43
2561,57.27
2562,59.29
2563,59.33
2564,59.33
2565,59.33
2566,59.29
2567,59.04
2568,59.04
2569,57.27
2570,59.04
2571,59.04
2572,59.29
2573,59.33
2574,60.86
2575,59.33
2576,59.29
2577,51.99
2578,50.43
2579,50.43
2580,50.43
2581,50.43
2582,50.43
2583,51.99
2584,59.04
2585,60.86
2586,60.86
2587,60.86
2588,60.86
2589,60.86
2590,59.29
2591,57.52
2592,57.27
2593,55.26
2594,55.55
2595,57.27
2596,59.04
2597,60.86
2598,60.86
2599,60.86
2600,59.04
2601,51.99
2602,51.73
2603,50.43
2604,50.43
2605,50.43
2606,51.73
2607,51.99
2608,59.04
2609,60.86
2610,60.86
2611,60.86
2612,60.86
2613,60.86
2614,59.29
2615,57.27
2616,57.27
2617,57.27
2618,57.27
2619,59.04
2620,59.29
2621,60.86
2622,60.86
2623,60.86
2624,59.29
2625,57.27
2626,51.73
2627,51.73
2628,50.43
2629,51.73
2630,51.73
2631,53.33
2632,59.29
2633,60.86
2634,60.86
2635,60.86
2636,60.86
2637,60.86
2638,60.86
2639,59.29
2640,59.29
2641,59.29
2642,59.29
2643,59.29
2644,60.86
2645,60.86
2646,60.86
2647,60.86
2648,59.29
2649,57.27
2650,50.43
2651,50.43
2652,50.43
2653,50.43
2654,50.43
2655,51.99
2656,59.04
2657,59.33
2658,60.86
2659,59.33
2660,59.29
2661,57.27
2662,53.6
2663,51.99
2664,50.43
2665,50.43
2666,50.43
2667,50.43
2668,51.99
2669,53.6
2670,55.55
2671,51.99
2672,50.4
2673,42.84
2674,40.96
2675,39.1
2676,37.07
2677,37.07
2678,39.4
2679,42.39
2680,50.4
2681,50.4
2682,50.4
2683,50.4
2684,50.4
2685,50.4
2686,50.4
2687,50.4
2688,50.4
2689,50.4
2690,50.4
2691,50.4
2692,50.4
2693,50.4
2694,50.4
2695,50.4
2696,42.22
2697,41.11
2698,37.07
2699,37.05
2700,24.45
2701,37.07
2702,37.07
2703,41.11
2704,42.39
2705,50.4
2706,50.4
2707,50.4
2708,50.4
2709,50.4
2710,50.4
2711,50.4
2712,50.4
2713,50.4
2714,50.4
2715,50.4
2716,50.4
2717,50.4
2718,50.4
2719,50.4
2720,48.89
2721,42.22
2722,40.82
2723,37.07
2724,37.07
2725,37.07
2726,40.82
2727,42.39
2728,50.4
2729,50.43
2730,50.43
2731,50.43
2732,50.43
2733,50.43
2734,50.43
2735,50.43
2736,50.43
2737,50.43
2738,50.43
2739,50.43
2740,50.43
2741,50.43
2742,50.43
2743,50.43
2744,48.89
2745,42.39
2746,40.85
2747,37.07
2748,37.07
2749,37.07
2750,37.1
2751,42.22
2752,48.89
2753,50.43
2754,53.6
2755,53.6
2756,55.26
2757,55.26
2758,53.6
2759,53.6
2760,53.6
2761,53.6
2762,53.6
2763,57.27
2764,59.04
2765,59.04
2766,59.04
2767,59.04
2768,57.27
2769,50.43
2770,50.4
2771,50.18
2772,50.18
2773,50.4
2774,50.4
2775,50.43
2776,53.6
2777,59.04
2778,59.04
2779,59.04
2780,59.04
2781,59.04
2782,59.04
2783,57.27
2784,53.6
2785,53.6
2786,53.6
2787,59.04
2788,59.04
2789,59.04
2790,59.04
2791,59.04
2792,59.04
2793,59.04
2794,57.27
2795,53.6
2796,57.27
2797,57.27
2798,59.04
2799,59.04
2800,59.04
2801,59.04
2802,59.04
2803,59.04
2804,59.04
2805,59.04
2806,57.52
2807,53.6
2808,53.6
2809,51.99
2810,51.99
2811,51.99
2812,57.27
2813,59.04
2814,59.04
2815,59.04
2816,57.27
2817,51.99
2818,50.43
2819,50.4
2820,50.4
2821,50.4
2822,50.43
2823,50.43
2824,53.6
2825,57.27
2826,59.04
2827,57.27
2828,55.79
2829,54.12
2830,53.6
2831,51.99
2832,50.43
2833,50.43
2834,50.43
2835,50.43
2836,51.99
2837,55.79
2838,59.04
2839,57.27
2840,51.99
2841,50.4
2842,42.84
2843,39.88
2844,37.05
2845,37.05
2846,37.07
2847,40.82
2848,42.84
2849,50.4
2850,50.4
2851,50.4
2852,50.4
2853,50.4
2854,50.4
2855,50.4
2856,50.4
2857,42.84
2858,42.84
2859,42.84
2860,48.89
2861,50.4
2862,50.4
2863,24.45
2864,0
2865,0
2866,0
2867,0
2868,0
2869,0
2870,0
2871,0
2872,0
2873,14.05
2874,14.05
2875,14.05
2876,14.05
2877,14.05
2878,14.05
2879,14.05
2880,14.05
2881,14.05
2882,14.05
2883,14.05
2884,14.05
2885,14.05
2886,14.05
2887,13.22
2888,0
2889,0
2890,0
2891,0
2892,0
2893,0
2894,0
2895,0
2896,13.22
2897,41.11
2898,50.37
2899,50.37
2900,50.37
2901,50.37
2902,50.37
2903,47.42
2904,42.81
2905,42.81
2906,50.37
2907,50.37
2908,50.37
2909,50.4
2910,50.4
2911,50.37
2912,41.11
2913,41.11
2914,37.05
2915,37.05
2916,37.05
2917,37.05
2918,40.8
2919,41.11
2920,41.11
2921,50.4
2922,51.99
2923,51.99
2924,51.99
2925,51.99
2926,50.43
2927,50.43
2928,50.43
2929,50.43
2930,50.43
2931,51.99
2932,53.6
2933,57.52
2934,57.52
2935,57.27
2936,50.43
2937,50.4
2938,50.4
2939,48.89
2940,48.89
2941,48.89
2942,50.4
2943,50.43
2944,53.6
2945,59.29
2946,60.86
2947,60.86
2948,60.86
2949,60.86
2950,60.86
2951,59.29
2952,59.29
2953,59.29
2954,59.29
2955,59.29
2956,60.86
2957,60.86
2958,60.86
2959,60.86
2960,57.52
2961,51.99
2962,51.73
2963,50.43
2964,50.43
2965,50.43
2966,51.73
2967,51.99
2968,59.04
2969,60.86
2970,60.86
2971,60.86
2972,60.86
2973,60.86
2974,60.86
2975,60.86
2976,60.86
2977,59.29
2978,59.29
2979,60.86
2980,60.86
2981,60.86
2982,60.86
2983,60.86
2984,59.04
2985,51.99
2986,51.73
2987,50.43
2988,50.43
2989,50.43
2990,51.73
2991,51.99
2992,59.29
2993,60.86
2994,60.86
2995,60.86
2996,60.86
2997,60.86
2998,60.86
2999,59.04
3000,57.27
3001,53.6
3002,53.6
3003,55.26
3004,57.52
3005,59.29
3006,60.86
3007,60.86
3008,59.04
3009,51.99
3010,51.73
3011,50.43
3012,50.43
3013,50.43
3014,51.73
3015,51.99
3016,59.29
3017,60.86
3018,60.86
3019,60.86
3020,60.86
3021,60.86
3022,59.04
3023,53.6
3024,51.99
3025,51.99
3026,51.96
3027,51.99
3028,51.99
3029,51.99
3030,51.99
3031,50.43
3032,50.4
3033,20.78
3034,19.81
3035,17.59
3036,17.12
3037,17.59
3038,17.59
3039,20.78
3040,24.45
3041,24.45
3042,24.45
3043,24.45
3044,24.45
3045,24.45
3046,24.45
3047,24.45
3048,24.45
3049,24.45
3050,24.45
3051,24.45
3052,24.45
3053,24.45
3054,24.45
3055,24.45
3056,13.22
3057,13.22
3058,13.22
3059,0
3060,0
3061,0
3062,13.22
3063,13.22
3064,13.22
3065,42.22
3066,50.43
3067,50.43
3068,50.43
3069,51.96
3070,50.43
3071,50.4
3072,50.4
3073,50.4
3074,50.4
3075,50.4
3076,51.99
3077,57.27
3078,59.04
3079,57.27
3080,51.99
3081,50.4
3082,48.68
3083,48.68
3084,48.68
3085,48.68
3086,48.89
3087,50.43
3088,57.27
3089,60.86
3090,61.13
3091,61.13
3092,60.86
3093,59.29
3094,59.04
3095,57.27
3096,57.27
3097,59.04
3098,59.04
3099,59.29
3100,59.29
3101,61.13
3102,61.13
3103,61.13
3104,60.86
3105,59.29
3106,59.04
3107,57.27
3108,57.27
3109,57.27
3110,59.04
3111,59.29
3112,61.13
3113,61.13
3114,61.13
3115,61.13
3116,61.13
3117,61.13
3118,61.13
3119,60.86
3120,60.86
3121,60.86
3122,59.29
3123,60.86
3124,61.13
3125,61.13
3126,61.13
3127,61.13
3128,60.86
3129,59.29
3130,57.27
3131,55.79
3132,51.99
3133,53.6
3134,57.27
3135,59.04
3136,60.86
3137,61.13
3138,61.13
3139,61.13
3140,61.13
3141,61.13
3142,61.13
3143,61.13
3144,60.86
3145,60.86
3146,60.86
3147,61.13
3148,61.13
3149,61.13
3150,61.13
3151,61.13
3152,61.13
3153,61.13
3154,59.29
3155,59.04
3156,57.27
3157,57.27
3158,57.27
3159,57.27
3160,59.29
3161,59.29
3162,60.86
3163,60.86
3164,60.86
3165,59.29
3166,59.04
3167,51.99
3168,51.99
3169,51.99
3170,51.99
3171,51.99
3172,55.79
3173,59.29
3174,59.29
3175,57.27
3176,50.43
3177,50.4
3178,50.4
3179,48.89
3180,48.68
3181,48.89
3182,50.4
3183,50.4
3184,53.6
3185,59.29
3186,59.29
3187,60.86
3188,60.86
3189,60.86
3190,59.29
3191,59.29
3192,59.29
3193,59.04
3194,57.27
3195,57.27
3196,57.27
3197,57.27
3198,59.04
3199,57.27
3200,51.99
3201,50.43
3202,50.4
3203,44.19
3204,44.19
3205,44.19
3206,44.19
3207,44.19
3208,50.43
3209,51.99
3210,51.99
3211,51.99
3212,51.99
3213,51.99
3214,51.96
3215,50.43
3216,50.43
3217,50.43
3218,50.43
3219,50.43
3220,50.43
3221,50.4
3222,50.4
3223,41.11
3224,24.45
3225,24.45
3226,24.45
3227,24.45
3228,14.05
3229,14.05
3230,24.45
3231,24.45
3232,24.45
3233,42.41
3234,50.43
3235,50.43
3236,51.99
3237,51.99
3238,50.43
3239,50.4
3240,50.4
3241,50.4
3242,50.43
3243,50.43
3244,51.99
3245,51.99
3246,53.6
3247,51.99
3248,50.43
3249,50.4
3250,44.19
3251,44.19
3252,44.19
3253,44.19
3254,44.19
3255,44.19
3256,50.4
3257,50.43
3258,53.6
3259,55.79
3260,55.79
3261,55.79
3262,53.6
3263,50.43
3264,50.43
3265,50.43
3266,50.43
3267,50.43
3268,51.99
3269,55.79
3270,55.79
3271,55.79
3272,51.99
3273,50.43
3274,48.89
3275,47.42
3276,47.42
3277,47.42
3278,47.42
3279,50.4
3280,51.99
3281,59.29
3282,59.33
3283,60.86
3284,60.86
3285,59.33
3286,59.33
3287,59.33
3288,59.29
3289,59.29
3290,59.29
3291,59.29
3292,59.29
3293,59.33
3294,59.33
3295,59.29
3296,57.27
3297,50.43
3298,50.43
3299,50.4
3300,49.3
3301,50.4
3302,50.4
3303,50.43
3304,51.99
3305,59.29
3306,60.86
3307,61.13
3308,60.86
3309,60.86
3310,59.29
3311,59.29
3312,59.04
3313,59.04
3314,59.04
3315,59.04
3316,59.29
3317,60.86
3318,61.13
3319,60.86
3320,59.29
3321,59.04
3322,57.27
3323,51.99
3324,51.99
3325,53.6
3326,59.29
3327,60.86
3328,61.13
3329,61.13
3330,61.13
3331,61.13
3332,61.13
3333,61.13
3334,61.13
3335,61.13
3336,61.13
3337,60.86
3338,60.86
3339,61.13
3340,61.13
3341,61.13
3342,61.13
3343,61.13
3344,60.86
3345,59.29
3346,59.04
3347,57.27
3348,57.27
3349,57.27
3350,59.04
3351,59.29
3352,61.13
3353,61.13
3354,61.13
3355,61.13
3356,61.13
3357,61.13
3358,61.13
3359,61.13
3360,60.86
3361,59.29
3362,59.29
3363,59.29
3364,59.29
3365,59.29
3366,59.29
3367,59.04
3368,53.6
3369,50.43
3370,50.4
3371,50.4
3372,50.4
3373,50.4
3374,50.43
3375,50.43
3376,57.27
3377,59.29
3378,59.29
3379,59.29
3380,59.29
3381,59.29
3382,57.27
3383,53.6
3384,51.99
3385,50.43
3386,50.43
3387,50.4
3388,50.4
3389,50.4
3390,50.4
3391,42.39
3392,39.88
3393,39.88
3394,39.86
3395,38.68
3396,38.68
3397,38.68
3398,38.68
3399,39.88
3400,39.88
3401,41.11
3402,50.4
3403,50.4
3404,50.4
3405,50.4
3406,50.4
3407,42.84
3408,42.84
3409,50.4
3410,50.43
3411,50.43
3412,50.43
3413,52.58
3414,52.58
3415,51.99
3416,50.43
3417,42.87
3418,42.39
3419,39.88
3420,38.71
3421,39.88
3422,41.11
3423,42.87
3424,50.4
3425,51.99
3426,52.58
3427,52.58
3428,52.58
3429,51.99
3430,51.99
3431,50.43
3432,50.4
3433,50.4
3434,50.4
3435,50.4
3436,50.43
3437,51.99
3438,51.99
3439,51.99
3440,41.11
3441,38.68
3442,38.68
3443,14.73
3444,13.22
3445,13.22
3446,13.63
3447,24.35
3448,38.68
3449,42.39
3450,50.43
3451,51.99
3452,51.99
3453,51.99
3454,51.99
3455,51.99
3456,51.99
3457,51.96
3458,51.99
3459,51.99
3460,51.99
3461,51.99
3462,51.99
3463,51.99
3464,50.4
3465,44.19
3466,42.39
3467,42.11
3468,42.11
3469,42.39
3470,44.19
3471,50.4
3472,53.6
3473,53.6
3474,59.04
3475,59.29
3476,59.04
3477,57.27
3478,53.6
3479,53.6
3480,51.99
3481,50.43
3482,50.4
3483,50.4
3484,50.43
3485,51.99
3486,53.6
3487,50.43
3488,41.11
3489,24.35
3490,14.05
3491,13.22
3492,13.22
3493,14.05
3494,14.05
3495,24.35
3496,24.35
3497,41.11
3498,50.43
3499,50.43
3500,50.43
3501,50.43
3502,50.43
3503,50.43
3504,50.43
3505,50.43
3506,50.43
3507,50.43
3508,50.43
3509,50.43
3510,50.43
3511,50.43
3512,48.89
3513,42.87
3514,40.85
3515,37.07
3516,37.07
3517,37.07
3518,37.07
3519,41.11
3520,42.87
3521,50.43
3522,50.43
3523,50.43
3524,50.43
3525,50.43
3526,50.43
3527,50.43
3528,50.43
3529,50.43
3530,50.43
3531,50.43
3532,50.43
3533,50.43
3534,50.43
3535,48.89
3536,30.06
3537,30.06
3538,24.35
3539,14.05
3540,13.63
3541,13.63
3542,14.05
3543,30.06
3544,30.06
3545,41.11
3546,41.11
3547,42.39
3548,41.11
3549,41.11
3550,41.11
3551,41.11
3552,41.11
3553,41.11
3554,41.11
3555,41.11
3556,41.11
3557,41.11
3558,41.11
3559,14.05
3560,13.22
3561,13.22
3562,12.82
3563,0
3564,0
3565,0
3566,0
3567,13.22
3568,13.22
3569,41.11
3570,50.43
3571,53.6
3572,55.79
3573,57.09
3574,55.79
3575,55.55
3576,55.55
3577,53.6
3578,53.6
3579,57.27
3580,59.04
3581,59.04
3582,59.04
3583,59.04
3584,57.52
3585,51.99
3586,50.43
3587,50.18
3588,50.18
3589,50.18
3590,50.4
3591,50.43
3592,55.55
3593,59.04
3594,59.04
3595,59.04
3596,59.04
3597,59.04
3598,57.52
3599,53.6
3600,51.99
3601,51.99
3602,51.99
3603,53.6
3604,57.09
3605,59.04
3606,59.04
3607,58.85
3608,53.6
3609,51.99
3610,50.43
3611,50.4
3612,50.4
3613,50.43
3614,50.43
3615,51.99
3616,53.6
3617,57.27
3618,59.04
3619,59.04
3620,57.52
3621,57.09
3622,53.6
3623,50.43
3624,50.43
3625,50.43
3626,50.43
3627,50.43
3628,51.99
3629,57.09
3630,57.09
3631,57.09
3632,51.99
3633,50.43
3634,50.43
3635,50.4
3636,50.4
3637,50.4
3638,50.43
3639,50.43
3640,51.99
3641,59.04
3642,59.04
3643,59.04
3644,59.04
3645,59.04
3646,59.04
3647,53.6
3648,53.6
3649,51.99
3650,51.99
3651,51.99
3652,51.99
3653,51.99
3654,50.43
3655,50.4
3656,42.09
3657,40.82
3658,39.1
3659,39.1
3660,24.35
3661,24.35
3662,39.1
3663,39.1
3664,40.82
3665,50.4
3666,50.43
3667,50.43
3668,50.43
3669,50.43
3670,50.43
3671,50.43
3672,50.43
3673,50.43
3674,50.43
3675,50.43
3676,50.43
3677,50.43
3678,50.43
3679,50.43
3680,50.4
3681,42.39
3682,40.82
3683,39.1
3684,39.1
3685,39.1
3686,39.1
3687,40.82
3688,42.39
3689,50.4
3690,50.43
3691,50.43
3692,50.43
3693,50.43
3694,50.43
3695,50.43
3696,50.43
3697,50.43
3698,50.43
3699,50.43
3700,50.43
3701,50.43
3702,50.43
3703,50.43
3704,48.89
3705,42.84
3706,42.09
3707,40.82
3708,39.1
3709,39.1
3710,41.55
3711,42.84
3712,43.7
3713,50.4
3714,50.4
3715,50.4
3716,50.4
3717,50.4
3718,50.4
3719,50.4
3720,50.4
3721,50.4
3722,50.4
3723,50.4
3724,50.4
3725,50.4
3726,50.4
3727,42.39
3728,42.09
3729,42.09
3730,40.82
3731,39.1
3732,39.1
3733,39.1
3734,41.55
3735,42.09
3736,50.4
3737,50.43
3738,53.6
3739,57.27
3740,57.27
3741,59.04
3742,57.27
3743,53.6
3744,53.6
3745,51.99
3746,51.99
3747,51.99
3748,57.27
3749,59.29
3750,60.86
3751,59.29
3752,59.04
3753,55.79
3754,51.99
3755,51.99
3756,51.99
3757,51.99
3758,57.27
3759,59.04
3760,60.86
3761,60.86
3762,60.86
3763,60.86
3764,60.86
3765,60.86
3766,60.86
3767,59.29
3768,59.29
3769,59.29
3770,59.29
3771,59.29
3772,60.86
3773,60.86
3774,60.86
3775,60.86
3776,60.86
3777,59.29
3778,59.04
3779,57.27
3780,57.27
3781,57.27
3782,59.04
3783,59.29
3784,60.86
3785,60.86
3786,60.86
3787,60.86
3788,60.86
3789,60.86
3790,60.86
3791,60.86
3792,59.29
3793,59.29
3794,59.04
3795,59.04
3796,59.29
3797,60.86
3798,60.86
3799,60.86
3800,60.86
3801,59.29
3802,59.04
3803,57.27
3804,55.79
3805,55.55
3806,55.79
3807,57.27
3808,59.04
3809,59.29
3810,60.86
3811,60.86
3812,59.29
3813,59.29
3814,57.27
3815,53.6
3816,51.99
3817,51.99
3818,51.99
3819,51.99
3820,53.6
3821,59.29
3822,59.29
3823,57.27
3824,51.99
3825,51.73
3826,50.43
3827,50.4
3828,50.4
3829,50.4
3830,50.43
3831,51.73
3832,57.27
3833,60.86
3834,60.86
3835,60.86
3836,60.86
3837,60.86
3838,60.86
3839,59.29
3840,59.29
3841,59.29
3842,59.29
3843,59.29
3844,60.86
3845,60.86
3846,60.86
3847,59.29
3848,57.27
3849,51.99
3850,51.73
3851,51.73
3852,51.73
3853,51.73
3854,51.73
3855,51.99
3856,59.04
3857,60.86
3858,60.86
3859,60.86
3860,60.86
3861,60.86
3862,60.86
3863,60.86
3864,59.29
3865,59.29
3866,59.04
3867,59.04
3868,57.27
3869,57.27
3870,55.26
3871,51.99
3872,50.43
3873,50.4
3874,50.4
3875,50.4
3876,50.4
3877,50.4
3878,50.4
3879,50.43
3880,51.99
3881,57.27
3882,59.29
3883,59.29
3884,59.29
3885,59.29
3886,59.29
3887,59.29
3888,59.29
3889,59.04
3890,59.04
3891,59.04
3892,57.27
3893,53.6
3894,51.99
3895,50.43
3896,48.89
3897,44.19
3898,43.7
3899,43.7
3900,43.7
3901,43.7
3902,43.7
3903,44.19
3904,50.43
3905,51.99
3906,51.99
3907,53.6
3908,53.6
3909,53.6
3910,51.99
3911,51.99
3912,51.99
3913,50.43
3914,50.43
3915,50.4
3916,50.4
3917,50.4
3918,50.4
3919,50.4
3920,43.7
3921,43.7
3922,43.7
3923,43.7
3924,43.7
3925,43.7
3926,43.7
3927,43.7
3928,50.4
3929,50.43
3930,53.6
3931,59.04
3932,59.04
3933,59.04
3934,55.55
3935,51.99
3936,51.99
3937,50.43
3938,50.43
3939,51.99
3940,53.6
3941,59.04
3942,59.29
3943,59.04
3944,57.27
3945,50.43
3946,50.43
3947,50.4
3948,50.4
3949,50.4
3950,50.43
3951,51.99
3952,57.27
3953,59.29
3954,60.86
3955,60.86
3956,60.86
3957,60.86
3958,60.86
3959,60.86
3960,59.29
3961,59.29
3962,59.29
3963,59.29
3964,60.86
3965,60.86
3966,60.86
3967,60.86
3968,60.86
3969,59.29
3970,57.27
3971,51.99
3972,51.99
3973,51.99
3974,51.99
3975,59.04
3976,60.86
3977,60.86
3978,60.86
3979,60.86
3980,60.86
3981,60.86
3982,60.86
3983,60.86
3984,60.86
3985,60.86
3986,60.86
3987,59.29
3988,60.86
3989,60.86
3990,60.86
3991,60.86
3992,57.52
3993,51.99
3994,50.43
3995,50.43
3996,50.43
3997,50.43
3998,50.43
3999,51.99
4000,59.04
4001,59.29
4002,59.33
4003,59.33
4004,59.33
4005,59.33
4006,59.04
4007,53.6
4008,51.99
4009,51.99
4010,51.99
4011,51.99
4012,51.99
4013,53.6
4014,55.79
4015,51.99
4016,50.4
4017,50.4
4018,44.92
4019,44.9
4020,44.92
4021,50.4
4022,50.4
4023,51.99
4024,59.29
4025,59.29
4026,60.86
4027,60.86
4028,60.86
4029,59.29
4030,59.04
4031,51.99
4032,50.43
4033,50.4
4034,50.4
4035,37.07
4036,37.07
4037,43.61
4038,41.11
4039,24.35
4040,13.22
4041,11.94
4042,11.94
4043,9.79
4044,9.79
4045,9.79
4046,11.24
4047,11.94
4048,13.22
4049,14.05
4050,14.05
4051,14.05
4052,14.05
4053,14.05
4054,14.05
4055,14.05
4056,14.05
4057,14.05
4058,14.05
4059,14.05
4060,14.05
4061,13.86
4062,0
4063,0
4064,0
4065,0
4066,0
4067,0
4068,0
4069,0
4070,0
4071,0
4072,0
4073,0
4074,13.22
4075,24.35
4076,41.11
4077,43.61
4078,41.11
4079,41.11
4080,38.22
4081,37.07
4082,37.07
4083,43.61
4084,43.61
4085,50.4
4086,50.4
4087,43.61
4088,41.11
4089,37.07
4090,37.07
4091,37.07
4092,37.07
4093,37.07
4094,37.07
4095,50.4
4096,50.43
4097,57.52
4098,57.52
4099,57.52
4100,57.52
4101,57.52
4102,57.52
4103,57.52
4104,57.52
4105,57.27
4106,53.6
4107,55.26
4108,57.52
4109,57.52
4110,57.52
4111,57.52
4112,57.52
4113,50.43
4114,48.89
4115,48.89
4116,46.59
4117,43.7
4118,44.62
4119,48.89
4120,50.4
4121,51.99
4122,57.52
4123,57.52
4124,57.52
4125,57.52
4126,57.52
4127,57.52
4128,57.52
4129,53.6
4130,51.99
4131,51.99
4132,53.6
4133,57.52
4134,57.52
4135,57.52
4136,51.99
4137,50.4
4138,50.4
4139,50.4
4140,50.4
4141,50.4
4142,50.43
4143,51.99
4144,51.99
4145,53.6
4146,55.79
4147,54.12
4148,51.99
4149,50.43
4150,50.4
4151,40.31
4152,40.31
4153,40.31
4154,40.31
4155,40.31
4156,46
4157,47.42
4158,47.42
4159,39.86
4160,34.79
4161,34.79
4162,34.79
4163,34.79
4164,24.35
4165,34.79
4166,34.79
4167,34.79
4168,34.79
4169,48.89
4170,50.43
4171,50.43
4172,50.43
4173,50.43
4174,50.43
4175,50.43
4176,50.43
4177,50.4
4178,50.4
4179,50.4
4180,50.43
4181,50.43
4182,50.43
4183,50.43
4184,49.21
4185,41.11
4186,39.86
4187,37.07
4188,37.07
4189,37.07
4190,37.07
4191,39.86
4192,41.11
4193,50.43
4194,50.43
4195,51.96
4196,51.99
4197,51.99
4198,50.43
4199,50.43
4200,50.43
4201,50.43
4202,50.43
4203,50.43
4204,50.43
4205,50.43
4206,50.43
4207,50.4
4208,43.7
4209,42.87
4210,40.85
4211,38.29
4212,38.24
4213,39.47
4214,40.85
4215,42.87
4216,50.4
4217,51.99
4218,51.99
4219,51.99
4220,51.99
4221,53.6
4222,51.99
4223,51.99
4224,51.99
4225,51.99
4226,51.99
4227,51.99
4228,51.99
4229,51.99
4230,51.99
4231,50.43
4232,50.43
4233,44.19
4234,44.19
4235,43.7
4236,42.11
4237,42.11
4238,43.41
4239,44.19
4240,50.43
4241,53.6
4242,59.29
4243,59.29
4244,59.29
4245,59.29
4246,59.29
4247,59.29
4248,59.04
4249,57.27
4250,57.27
4251,57.52
4252,59.04
4253,59.29
4254,59.29
4255,59.29
4256,57.52
4257,51.99
4258,50.43
4259,50.43
4260,50.4
4261,50.4
4262,50.43
4263,51.99
4264,57.27
4265,59.29
4266,59.29
4267,59.29
4268,59.29
4269,59.04
4270,57.27
4271,53.6
4272,51.99
4273,50.43
4274,50.43
4275,50.43
4276,51.99
4277,59.04
4278,59.29
4279,57.27
4280,53.6
4281,50.43
4282,50.4
4283,50.4
4284,50.4
4285,50.4
4286,50.4
4287,50.4
4288,51.99
4289,57.27
4290,59.29
4291,59.29
4292,59.04
4293,57.52
4294,55.79
4295,51.99
4296,51.99
4297,51.99
4298,51.99
4299,51.99
4300,53.6
4301,59.29
4302,59.29
4303,59.29
4304,57.52
4305,53.6
4306,51.99
4307,50.43
4308,50.43
4309,50.43
4310,50.43
4311,51.96
4312,53.6
4313,59.29
4314,59.29
4315,59.29
4316,59.29
4317,59.04
4318,55.79
4319,51.99
4320,51.99
4321,51.96
4322,50.43
4323,50.43
4324,51.99
4325,55.79
4326,55.82
4327,55.82
4328,51.99
4329,50.43
4330,48.89
4331,47.22
4332,47.22
4333,44.99
4334,44.99
4335,47.22
4336,47.22
4337,50.43
4338,55.55
4339,55.55
4340,55.55
4341,55.55
4342,53.88
4343,51.99
4344,51.99
4345,51.99
4346,51.96
4347,51.99
4348,53.6
4349,55.55
4350,55.55
4351,53.6
4352,50.43
4353,50.4
4354,42.87
4355,42.39
4356,41.11
4357,41.11
4358,42.39
4359,42.87
4360,42.87
4361,50.43
4362,50.43
4363,50.76
4364,50.76
4365,51.99
4366,50.43
4367,50.43
4368,50.43
4369,50.4
4370,50.4
4371,50.4
4372,50.4
4373,50.4
4374,41.11
4375,13.22
4376,11.78
4377,11.78
4378,10.91
4379,10.91
4380,10.91
4381,10.91
4382,10.91
4383,11.78
4384,12.82
4385,13.86
4386,13.86
4387,15.55
4388,15.55
4389,15.55
4390,15.55
4391,13.86
4392,13.86
4393,13.63
4394,13.47
4395,13.22
4396,13.22
4397,13.22
4398,13.22
4399,0
4400,0
4401,0
4402,0
4403,0
4404,0
4405,0
4406,0
4407,0
4408,12.82
4409,14.73
4410,50.4
4411,51.96
4412,51.99
4413,51.99
4414,51.99
4415,50.43
4416,50.43
4417,50.43
4418,50.43
4419,51.96
4420,51.99
4421,59.04
4422,59.04
4423,57.27
4424,53.6
4425,50.43
4426,50.43
4427,50.4
4428,50.4
4429,50.4
4430,50.4
4431,50.43
4432,55.79
4433,59.29
4434,60.86
4435,60.86
4436,60.86
4437,60.86
4438,60.86
4439,59.29
4440,59.29
4441,59.29
4442,60.86
4443,60.86
4444,60.86
4445,60.86
4446,60.86
4447,60.86
4448,59.29
4449,59.04
4450,53.6
4451,51.99
4452,51.96
4453,51.96
4454,51.99
4455,57.27
4456,59.29
4457,60.86
4458,60.86
4459,60.86
4460,60.86
4461,60.86
4462,60.86
4463,60.86
4464,59.29
4465,59.29
4466,59.04
4467,59.04
4468,59.29
4469,60.86
4470,60.86
4471,59.29
4472,51.99
4473,51.73
4474,50.43
4475,50.4
4476,50.43
4477,50.43
4478,50.43
4479,51.73
4480,51.99
4481,59.29
4482,60.86
4483,60.86
4484,60.86
4485,60.86
4486,60.86
4487,59.29
4488,59.29
4489,59.04
4490,59.04
4491,59.04
4492,59.29
4493,60.86
4494,60.86
4495,60.86
4496,57.52
4497,51.99
4498,51.73
4499,51.73
4500,51.73
4501,51.73
4502,51.99
4503,57.27
4504,59.29
4505,60.86
4506,60.86
4507,60.86
4508,60.86
4509,60.86
4510,60.86
4511,59.29
4512,57.52
4513,55.55
4514,53.6
4515,53.6
4516,59.04
4517,59.29
4518,59.29
4519,59.04
4520,51.99
4521,50.43
4522,50.4
4523,50.4
4524,48.89
4525,48.89
4526,50.4
4527,50.4
4528,51.99
4529,57.27
4530,59.29
4531,59.29
4532,59.29
4533,59.29
4534,59.29
4535,59.04
4536,53.6
4537,51.99
4538,51.99
4539,51.96
4540,50.43
4541,50.43
4542,50.43
4543,50.4
4544,42.39
4545,42.39
4546,42.22
4547,24.35
4548,14.05
4549,14.05
4550,41.51
4551,42.39
4552,42.39
4553,50.43
4554,53.6
4555,57.27
4556,57.27
4557,57.27
4558,57.27
4559,57.27
4560,57.27
4561,55.55
4562,53.6
4563,53.6
4564,51.99
4565,51.99
4566,51.99
4567,50.43
4568,50.4
4569,48.68
4570,48.68
4571,48.68
4572,48.68
4573,48.68
4574,50.4
4575,50.43
4576,53.6
4577,59.29
4578,59.29
4579,59.29
4580,59.29
4581,59.29
4582,59.29
4583,59.29
4584,59.29
4585,59.29
4586,59.29
4587,59.29
4588,59.29
4589,59.29
4590,59.29
4591,59.29
4592,57.52
4593,51.99
4594,50.43
4595,50.43
4596,50.43
4597,50.43
4598,51.99
4599,57.27
4600,59.29
4601,59.29
4602,59.29
4603,59.29
4604,59.29
4605,59.29
4606,59.29
4607,59.29
4608,59.29
4609,59.29
4610,59.29
4611,59.29
4612,59.29
4613,59.29
4614,59.29
4615,59.29
4616,57.52
4617,51.99
4618,50.43
4619,50.4
4620,50.4
4621,50.43
4622,51.99
4623,57.27
4624,59.29
4625,59.29
4626,59.29
4627,59.29
4628,59.04
4629,57.27
4630,53.6
4631,51.99
4632,51.99
4633,51.99
4634,51.99
4635,51.99
4636,53.6
4637,59.04
4638,59.29
4639,59.29
4640,59.04
4641,57.27
4642,51.99
4643,51.99
4644,51.99
4645,51.99
4646,57.27
4647,59.04
4648,59.29
4649,59.29
4650,59.29
4651,59.29
4652,59.04
4653,59.04
4654,57.27
4655,51.99
4656,51.99
4657,50.43
4658,50.43
4659,50.43
4660,50.43
4661,51.99
4662,51.99
4663,50.4
4664,24.35
4665,24.35
4666,24.35
4667,14.05
4668,13.63
4669,13.63
4670,24.35
4671,24.35
4672,24.35
4673,45.74
4674,50.4
4675,50.4
4676,50.4
4677,50.4
4678,50.4
4679,50.4
4680,48.89
4681,42.84
4682,42.84
4683,45.74
4684,50.4
4685,50.4
4686,50.4
4687,50.4
4688,42.39
4689,42.39
4690,37.05
4691,37.05
4692,37.05
4693,37.05
4694,37.05
4695,42.39
4696,45.74
4697,50.43
4698,51.99
4699,51.99
4700,51.99
4701,51.99
4702,51.99
4703,51.99
4704,51.99
4705,51.99
4706,51.99
4707,51.96
4708,50.43
4709,50.43
4710,50.43
4711,50.4
4712,24.35
4713,16.77
4714,14.05
4715,14.05
4716,14.05
4717,14.05
4718,14.05
4719,14.07
4720,19.73
4721,19.73
4722,19.73
4723,23.62
4724,19.73
4725,19.73
4726,19.73
4727,19.73
4728,14.05
4729,14.05
4730,14.05
4731,14.05
4732,14.05
4733,16.53
4734,16.53
4735,14.05
4736,14.05
4737,14.05
4738,14.05
4739,13.63
4740,13.63
4741,13.86
4742,14.05
4743,14.05
4744,14.05
4745,24.35
4746,24.35
4747,24.35
4748,24.35
4749,24.35
4750,24.35
4751,24.35
4752,24.35
4753,24.35
4754,24.35
4755,24.35
4756,24.35
4757,24.35
4758,24.35
4759,23.62
4760,14.05
4761,14.05
4762,14.05
4763,13.63
4764,14.05
4765,14.05
4766,14.05
4767,14.05
4768,24.35
4769,50.43
4770,53.6
4771,59.04
4772,59.04
4773,59.04
4774,53.6
4775,51.99
4776,51.99
4777,50.43
4778,50.43
4779,50.43
4780,51.99
4781,57.27
4782,59.04
4783,57.27
4784,51.99
4785,50.43
4786,50.4
4787,50.18
4788,50.18
4789,50.18
4790,50.43
4791,51.99
4792,59.04
4793,59.04
4794,59.04
4795,59.04
4796,59.04
4797,59.04
4798,59.04
4799,57.27
4800,57.27
4801,55.26
4802,53.6
4803,53.6
4804,57.27
4805,59.04
4806,59.04
4807,59.04
4808,59.04
4809,53.6
4810,51.99
4811,50.43
4812,51.96
4813,51.96
4814,51.99
4815,51.99
4816,59.04
4817,59.04
4818,59.04
4819,59.04
4820,59.04
4821,59.04
4822,57.52
4823,53.6
4824,53.6
4825,51.99
4826,51.96
4827,51.99
4828,51.99
4829,59.04
4830,59.04
4831,59.04
4832,55.55
4833,50.43
4834,50.43
4835,50.43
4836,50.4
4837,50.4
4838,50.4
4839,50.43
4840,51.99
4841,57.27
4842,59.04
4843,59.04
4844,59.04
4845,55.55
4846,51.99
4847,50.4
4848,50.4
4849,42.84
4850,42.84
4851,42.84
4852,42.84
4853,50.4
4854,50.4
4855,50.4
4856,24.35
4857,13.22
4858,13.22
4859,13.22
4860,13.22
4861,13.22
4862,13.22
4863,13.22
4864,13.22
4865,15.55
4866,15.55
4867,18.59
4868,16.81
4869,18.59
4870,15.55
4871,15.55
4872,13.86
4873,13.86
4874,13.86
4875,13.63
4876,13.63
4877,13.86
4878,13.22
4879,0
4880,0
4881,0
4882,0
4883,0
4884,0
4885,0
4886,0
4887,0
4888,0
4889,13.22
4890,13.22
4891,13.22
4892,13.22
4893,13.22
4894,13.22
4895,13.22
4896,13.22
4897,13.22
4898,13.22
4899,13.22
4900,13.22
4901,13.22
4902,0
4903,0
4904,0
4905,0
4906,0
4907,0
4908,0
4909,0
4910,0
4911,0
4912,0
4913,14.05
4914,50.4
4915,50.43
4916,51.96
4917,51.99
4918,51.99
4919,50.43
4920,50.43
4921,50.43
4922,50.43
4923,51.99
4924,53.6
4925,59.29
4926,59.29
4927,59.29
4928,57.27
4929,51.99
4930,51.96
4931,50.43
4932,50.4
4933,50.4
4934,50.43
4935,51.99
4936,59.04
4937,60.86
4938,60.86
4939,60.86
4940,60.86
4941,60.86
4942,60.86
4943,60.86
4944,59.29
4945,59.29
4946,59.29
4947,59.29
4948,60.86
4949,60.86
4950,60.86
4951,60.86
4952,59.29
4953,57.27
4954,53.6
4955,51.99
4956,51.96
4957,51.99
4958,51.99
4959,59.04
4960,60.86
4961,60.86
4962,60.86
4963,60.86
4964,60.86
4965,60.86
4966,60.86
4967,60.86
4968,60.86
4969,59.29
4970,59.29
4971,60.86
4972,60.86
4973,60.86
4974,60.86
4975,60.86
4976,59.29
4977,59.04
4978,57.27
4979,51.99
4980,51.99
4981,53.6
4982,57.27
4983,59.29
4984,60.86
4985,60.86
4986,60.86
4987,60.86
4988,60.86
4989,60.86
4990,60.86
4991,60.86
4992,59.29
4993,59.29
4994,59.29
4995,59.29
4996,60.86
4997,60.86
4998,60.86
4999,60.86
5000,60.86
5001,59.29
5002,57.27
5003,51.99
5004,51.99
5005,51.99
5006,51.99
5007,57.27
5008,59.29
5009,60.86
5010,60.86
5011,60.86
5012,60.86
5013,60.86
5014,59.29
5015,57.27
5016,55.79
5017,53.6
5018,51.99
5019,51.99
5020,53.6
5021,57.27
5022,59.04
5023,57.27
5024,51.99
5025,50.43
5026,50.4
5027,48.89
5028,48.68
5029,48.68
5030,48.68
5031,50.4
5032,50.43
5033,53.6
5034,57.27
5035,57.27
5036,57.27
5037,55.79
5038,51.99
5039,50.43
5040,50.43
5041,50.4
5042,50.4
5043,50.4
5044,50.4
5045,50.4
5046,50.4
5047,43.72
5048,43.7
5049,43.7
5050,43.7
5051,43.7
5052,43.7
5053,43.7
5054,43.7
5055,43.7
5056,43.7
5057,50.4
5058,50.43
5059,51.41
5060,51.41
5061,51.41
5062,51.41
5063,50.43
5064,50.43
5065,50.43
5066,50.43
5067,50.43
5068,50.43
5069,50.43
5070,50.43
5071,50.4
5072,50.4
5073,43.7
5074,43.7
5075,43.7
5076,43.7
5077,43.7
5078,43.7
5079,43.7
5080,50.4
5081,51.99
5082,59.29
5083,59.29
5084,59.29
5085,59.29
5086,59.29
5087,59.04
5088,57.52
5089,57.27
5090,55.55
5091,57.27
5092,59.29
5093,59.29
5094,59.29
5095,59.29
5096,59.04
5097,51.99
5098,50.43
5099,50.4
5100,50.4
5101,50.4
5102,50.43
5103,51.99
5104,59.04
5105,59.33
5106,59.33
5107,59.33
5108,59.33
5109,59.33
5110,59.33
5111,59.29
5112,59.04
5113,59.04
5114,59.04
5115,59.04
5116,59.29
5117,59.33
5118,59.33
5119,59.29
5120,57.27
5121,51.99
5122,50.43
5123,50.43
5124,50.43
5125,50.43
5126,50.43
5127,50.43
5128,57.27
5129,59.29
5130,59.33
5131,59.33
5132,59.29
5133,59.04
5134,53.6
5135,51.99
5136,51.99
5137,50.43
5138,50.43
5139,51.96
5140,53.6
5141,57.52
5142,59.29
5143,59.29
5144,51.99
5145,50.43
5146,50.43
5147,50.43
5148,50.43
5149,50.43
5150,50.43
5151,51.99
5152,59.04
5153,59.29
5154,59.29
5155,59.29
5156,59.04
5157,55.82
5158,55.79
5159,53.6
5160,51.99
5161,51.99
5162,51.99
5163,53.6
5164,57.27
5165,59.29
5166,59.33
5167,59.33
5168,59.04
5169,51.99
5170,50.43
5171,50.43
5172,50.43
5173,50.43
5174,50.43
5175,53.6
5176,59.29
5177,59.33
5178,59.33
5179,59.33
5180,59.33
5181,59.33
5182,59.33
5183,59.29
5184,59.04
5185,57.27
5186,53.6
5187,55.26
5188,59.04
5189,59.29
5190,59.33
5191,59.33
5192,59.29
5193,57.27
5194,51.99
5195,50.43
5196,50.43
5197,50.43
5198,50.43
5199,51.99
5200,59.04
5201,59.33
5202,59.33
5203,59.33
5204,59.33
5205,59.33
5206,59.33
5207,59.33
5208,59.29
5209,59.29
5210,59.29
5211,59.29
5212,59.29
5213,59.29
5214,59.29
5215,59.04
5216,53.6
5217,51.96
5218,50.4
5219,50.4
5220,50.4
5221,50.4
5222,50.43
5223,51.96
5224,53.6
5225,59.04
5226,59.29
5227,59.04
5228,57.27
5229,53.6
5230,51.99
5231,51.96
5232,50.43
5233,50.4
5234,42.39
5235,48.89
5236,43.7
5237,41.11
5238,31.06
5239,24.35
5240,14.05
5241,14.05
5242,14.05
5243,14.05
5244,13.63
5245,13.63
5246,14.05
5247,14.05
5248,14.05
5249,42.39
5250,43.7
5251,43.7
5252,43.7
5253,43.7
5254,43.7
5255,43.7
5256,43.7
5257,43.7
5258,43.7
5259,43.7
5260,43.7
5261,43.7
5262,43.7
5263,43.7
5264,42.39
5265,13.22
5266,11.94
5267,11.94
5268,11.38
5269,11.38
5270,11.38
5271,11.94
5272,11.94
5273,14.05
5274,14.05
5275,14.05
5276,14.05
5277,14.73
5278,14.05
5279,14.05
5280,14.05
5281,14.05
5282,13.63
5283,13.63
5284,14.05
5285,14.05
5286,14.05
5287,0
5288,0
5289,0
5290,0
5291,0
5292,0
5293,0
5294,0
5295,0
5296,0
5297,13.22
5298,24.31
5299,24.31
5300,24.31
5301,24.31
5302,24.31
5303,24.31
5304,22.91
5305,20.67
5306,20.69
5307,24.31
5308,24.31
5309,24.31
5310,24.31
5311,24.31
5312,18.07
5313,18.07
5314,18.07
5315,17.49
5316,17.49
5317,17.49
5318,17.49
5319,18.07
5320,24.35
5321,25.07
5322,25.07
5323,25.84
5324,25.07
5325,25.07
5326,25.07
5327,25.07
5328,24.35
5329,21.31
5330,21.31
5331,21.31
5332,24.35
5333,25.07
5334,25.07
5335,25.07
5336,18.05
5337,18.05
5338,18.05
5339,14.05
5340,13.63
5341,14.05
5342,18.05
5343,18.05
5344,18.07
5345,50.4
5346,50.43
5347,51.99
5348,50.43
5349,50.43
5350,50.43
5351,50.43
5352,50.43
5353,50.43
5354,50.43
5355,51.96
5356,53.6
5357,59.04
5358,59.04
5359,59.04
5360,53.6
5361,51.99
5362,50.43
5363,50.4
5364,50.4
5365,50.4
5366,50.4
5367,50.43
5368,53.6
5369,59.04
5370,59.29
5371,59.29
5372,59.29
5373,59.29
5374,59.04
5375,59.04
5376,59.04
5377,57.27
5378,57.27
5379,55.79
5380,57.27
5381,57.27
5382,57.27
5383,53.6
5384,51.99
5385,50.4
5386,50.18
5387,50.18
5388,48.03
5389,48.03
5390,50.18
5391,50.4
5392,50.43
5393,53.6
5394,59.04
5395,59.04
5396,59.04
5397,59.04
5398,59.04
5399,57.27
5400,53.6
5401,53.6
5402,51.99
5403,51.99
5404,51.99
5405,51.99
5406,51.99
5407,51.99
5408,50.43
5409,50.4
5410,50.18
5411,50.18
5412,50.18
5413,50.18
5414,50.18
5415,50.18
5416,50.43
5417,51.99
5418,55.79
5419,57.27
5420,53.6
5421,57.27
5422,51.99
5423,51.99
5424,51.96
5425,51.96
5426,51.96
5427,51.96
5428,51.99
5429,55.26
5430,59.04
5431,57.27
5432,51.99
5433,50.4
5434,50.18
5435,50.18
5436,48.89
5437,50.18
5438,50.18
5439,50.4
5440,51.99
5441,57.27
5442,59.29
5443,59.29
5444,59.29
5445,59.29
5446,59.29
5447,59.04
5448,57.52
5449,57.27
5450,55.55
5451,57.52
5452,59.04
5453,59.29
5454,59.29
5455,59.29
5456,57.27
5457,51.99
5458,50.4
5459,50.4
5460,50.4
5461,50.4
5462,50.4
5463,50.43
5464,57.27
5465,59.29
5466,59.29
5467,59.29
5468,59.29
5469,59.29
5470,59.29
5471,59.04
5472,57.27
5473,55.55
5474,53.6
5475,53.6
5476,59.04
5477,59.29
5478,59.29
5479,59.29
5480,55.79
5481,50.43
5482,50.4
5483,50.4
5484,50.4
5485,50.4
5486,50.4
5487,50.43
5488,57.27
5489,59.29
5490,59.29
5491,59.29
5492,59.29
5493,59.29
5494,59.29
5495,59.04
5496,57.27
5497,57.27
5498,57.27
5499,59.04
5500,59.04
5501,59.29
5502,59.29
5503,59.29
5504,59.04
5505,51.99
5506,51.99
5507,50.43
5508,50.43
5509,50.43
5510,51.99
5511,57.27
5512,59.29
5513,59.29
5514,59.29
5515,59.29
5516,59.29
5517,59.29
5518,57.55
5519,53.6
5520,51.99
5521,50.43
5522,50.43
5523,50.43
5524,51.99
5525,57.27
5526,59.29
5527,57.55
5528,51.99
5529,48.89
5530,42.22
5531,41.11
5532,13.86
5533,13.22
5534,24.35
5535,41.11
5536,42.22
5537,50.4
5538,50.76
5539,51.99
5540,51.99
5541,51.99
5542,51.99
5543,50.76
5544,50.76
5545,50.76
5546,50.43
5547,50.43
5548,50.43
5549,50.43
5550,50.43
5551,50.4
5552,42.39
5553,42.22
5554,41.11
5555,41.11
5556,41.11
5557,41.11
5558,42.22
5559,42.39
5560,50.43
5561,57.27
5562,59.29
5563,59.29
5564,59.29
5565,59.29
5566,59.29
5567,59.04
5568,51.99
5569,51.96
5570,50.43
5571,50.43
5572,50.43
5573,50.43
5574,50.43
5575,50.4
5576,50.4
5577,50.4
5578,50.4
5579,50.4
5580,50.4
5581,48.03
5582,50.4
5583,50.4
5584,50.43
5585,53.6
5586,59.29
5587,59.29
5588,59.29
5589,59.29
5590,59.04
5591,57.27
5592,53.6
5593,51.99
5594,51.99
5595,53.6
5596,57.52
5597,59.29
5598,59.33
5599,59.33
5600,59.04
5601,53.6
5602,51.99
5603,50.43
5604,50.43
5605,50.43
5606,51.99
5607,57.52
5608,59.29
5609,60.86
5610,60.86
5611,60.86
5612,60.86
5613,59.33
5614,59.29
5615,59.04
5616,57.27
5617,57.27
5618,57.27
5619,57.27
5620,59.04
5621,59.29
5622,59.33
5623,59.33
5624,57.52
5625,50.43
5626,50.43
5627,50.43
5628,50.4
5629,50.4
5630,50.43
5631,50.43
5632,51.99
5633,59.04
5634,59.29
5635,59.29
5636,59.29
5637,59.29
5638,59.04
5639,57.27
5640,57.27
5641,55.79
5642,55.79
5643,57.27
5644,59.04
5645,59.29
5646,59.33
5647,59.33
5648,57.27
5649,51.99
5650,50.43
5651,50.43
5652,50.43
5653,50.43
5654,51.99
5655,57.52
5656,60.86
5657,60.86
5658,60.86
5659,60.86
5660,60.86
5661,60.86
5662,60.86
5663,59.29
5664,59.29
5665,59.29
5666,59.29
5667,59.29
5668,60.86
5669,60.86
5670,60.86
5671,60.86
5672,59.29
5673,57.27
5674,55.55
5675,51.96
5676,51.73
5677,51.99
5678,57.27
5679,59.29
5680,60.86
5681,60.86
5682,60.86
5683,60.86
5684,60.86
5685,60.86
5686,60.86
5687,59.29
5688,59.29
5689,57.52
5690,57.27
5691,57.27
5692,59.04
5693,59.29
5694,60.86
5695,59.29
5696,57.27
5697,50.43
5698,46.97
5699,41.11
5700,41.11
5701,41.11
5702,42.22
5703,50.4
5704,51.99
5705,55.82
5706,55.82
5707,55.26
5708,55.26
5709,55.26
5710,55.26
5711,51.99
5712,50.43
5713,50.43
5714,50.4
5715,50.4
5716,50.4
5717,50.4
5718,50.43
5719,50.43
5720,50.4
5721,48.89
5722,43.7
5723,42.87
5724,42.87
5725,42.87
5726,42.87
5727,42.87
5728,50.4
5729,50.43
5730,50.43
5731,50.43
5732,50.43
5733,50.43
5734,50.43
5735,50.4
5736,50.4
5737,42.22
5738,42.22
5739,42.22
5740,42.22
5741,41.11
5742,40.96
5743,13.22
5744,0
5745,0
5746,0
5747,0
5748,0
5749,0
5750,0
5751,0
5752,13.63
5753,45.74
5754,50.4
5755,50.4
5756,50.4
5757,50.4
5758,50.4
5759,50.4
5760,50.4
5761,42.87
5762,42.84
5763,45.74
5764,50.4
5765,50.4
5766,50.4
5767,50.4
5768,50.4
5769,42.22
5770,37.05
5771,35.94
5772,24.35
5773,35.28
5774,37.05
5775,37.05
5776,42.22
5777,50.43
5778,57.27
5779,57.27
5780,57.27
5781,55.79
5782,53.6
5783,51.96
5784,50.43
5785,50.43
5786,50.43
5787,50.43
5788,51.99
5789,57.27
5790,57.27
5791,57.27
5792,51.99
5793,50.4
5794,48.68
5795,48.68
5796,48.68
5797,48.68
5798,48.68
5799,50.4
5800,51.99
5801,57.27
5802,59.29
5803,59.29
5804,59.29
5805,59.29
5806,57.27
5807,57.27
5808,55.79
5809,53.6
5810,53.6
5811,53.6
5812,57.27
5813,59.29
5814,59.29
5815,59.29
5816,59.04
5817,53.6
5818,50.43
5819,50.4
5820,50.4
5821,50.4
5822,50.43
5823,51.99
5824,57.27
5825,60.86
5826,60.86
5827,60.86
5828,60.86
5829,60.86
5830,59.29
5831,59.29
5832,59.04
5833,57.52
5834,57.52
5835,59.04
5836,59.29
5837,60.86
5838,60.86
5839,60.86
5840,60.86
5841,59.29
5842,57.27
5843,57.27
5844,57.27
5845,57.27
5846,57.27
5847,59.04
5848,60.86
5849,60.86
5850,60.86
5851,60.86
5852,60.86
5853,60.86
5854,60.86
5855,60.86
5856,60.86
5857,59.29
5858,59.29
5859,60.86
5860,60.86
5861,60.86
5862,60.86
5863,60.86
5864,60.86
5865,59.29
5866,59.04
5867,57.27
5868,53.6
5869,53.6
5870,57.27
5871,59.29
5872,60.86
5873,60.86
5874,60.86
5875,60.86
5876,60.86
5877,60.86
5878,59.29
5879,59.29
5880,59.04
5881,55.79
5882,53.6
5883,53.6
5884,53.6
5885,55.79
5886,57.27
5887,55.79
5888,51.99
5889,50.43
5890,50.4
5891,50.4
5892,50.4
5893,50.4
5894,50.4
5895,50.43
5896,55.55
5897,59.29
5898,59.29
5899,59.29
5900,59.29
5901,57.27
5902,55.79
5903,51.99
5904,50.43
5905,50.43
5906,50.43
5907,50.43
5908,50.43
5909,51.99
5910,51.99
5911,53.6
5912,51.99
5913,50.43
5914,50.4
5915,50.4
5916,50.4
5917,50.4
5918,50.43
5919,51.99
5920,57.27
5921,59.29
5922,59.29
5923,59.29
5924,59.29
5925,59.29
5926,59.04
5927,57.27
5928,57.27
5929,53.6
5930,53.6
5931,59.04
5932,59.29
5933,59.29
5934,60.86
5935,59.29
5936,59.04
5937,51.99
5938,50.43
5939,48.89
5940,42.87
5941,42.87
5942,42.22
5943,42.87
5944,50.4
5945,50.43
5946,50.43
5947,50.43
5948,50.43
5949,50.43
5950,50.4
5951,48.89
5952,42.87
5953,42.87
5954,42.87
5955,42.87
5956,50.4
5957,50.43
5958,50.43
5959,50.43
5960,14.05
5961,13.22
5962,9.81
5963,9.79
5964,9.79
5965,9.79
5966,11.94
5967,11.94
5968,14.05
5969,14.05
5970,14.05
5971,14.05
5972,14.05
5973,14.05
5974,13.63
5975,13.22
5976,10.09
5977,10.09
5978,10.09
5979,10.09
5980,10.09
5981,11.87
5982,13.22
5983,11.87
5984,9.79
5985,9.79
5986,9.79
5987,0
5988,0
5989,0
5990,9.79
5991,9.79
5992,14.05
5993,50.4
5994,50.4
5995,50.4
5996,50.4
5997,50.4
5998,50.4
5999,44.88
6000,42.84
6001,42.84
6002,42.84
6003,42.84
6004,42.84
6005,50.4
6006,50.4
6007,50.4
6008,50.4
6009,42.84
6010,42.22
6011,37.09
6012,37.05
6013,37.07
6014,41.11
6015,42.84
6016,50.4
6017,51.99
6018,55.79
6019,57.27
6020,55.79
6021,53.6
6022,51.96
6023,50.43
6024,50.43
6025,50.43
6026,51.99
6027,51.99
6028,57.27
6029,59.29
6030,59.29
6031,59.29
6032,59.29
6033,57.52
6034,53.6
6035,50.43
6036,50.43
6037,50.43
6038,51.99
6039,57.52
6040,59.29
6041,59.29
6042,59.29
6043,59.29
6044,59.29
6045,59.29
6046,59.29
6047,59.29
6048,59.04
6049,57.27
6050,55.55
6051,55.55
6052,57.27
6053,59.04
6054,59.04
6055,59.04
6056,51.99
6057,50.43
6058,48.89
6059,45.56
6060,43.7
6061,45.56
6062,48.89
6063,50.43
6064,53.6
6065,53.6
6066,53.6
6067,53.6
6068,51.96
6069,50.43
6070,50.4
6071,50.4
6072,50.4
6073,50.4
6074,50.4
6075,44.19
6076,48.89
6077,50.4
6078,50.4
6079,50.4
6080,44.19
6081,42.22
6082,42.11
6083,42.11
6084,42.11
6085,42.22
6086,44.19
6087,50.4
6088,51.99
6089,51.99
6090,51.99
6091,51.99
6092,51.99
6093,51.99
6094,51.96
6095,50.43
6096,50.4
6097,50.4
6098,48.89
6099,50.4
6100,50.43
6101,51.99
6102,51.99
6103,51.99
6104,50.4
6105,14.05
6106,13.22
6107,13.22
6108,0
6109,0
6110,12.6
6111,13.22
6112,13.22
6113,14.05
6114,15.55
6115,15.55
6116,15.55
6117,15.55
6118,13.63
6119,13.22
6120,13.22
6121,13.22
6122,13.22
6123,13.63
6124,14.73
6125,18.62
6126,24.35
6127,18.62
6128,15.55
6129,13.22
6130,12.6
6131,0
6132,0
6133,0
6134,12.6
6135,13.22
6136,13.63
6137,50.4
6138,50.4
6139,50.4
6140,50.4
6141,50.4
6142,50.4
6143,42.84
6144,42.84
6145,42.84
6146,42.84
6147,42.84
6148,50.4
6149,50.4
6150,50.4
6151,50.4
6152,39.88
6153,37.05
6154,34.7
6155,0
6156,0
6157,13.86
6158,34.7
6159,37.05
6160,50.4
6161,53.6
6162,53.88
6163,55.79
6164,53.88
6165,53.88
6166,53.6
6167,51.99
6168,50.43
6169,50.43
6170,50.4
6171,50.43
6172,51.99
6173,53.88
6174,53.88
6175,53.88
6176,50.43
6177,45.8
6178,42.22
6179,41.11
6180,41.11
6181,42.22
6182,45.8
6183,50.4
6184,53.6
6185,59.29
6186,59.33
6187,59.33
6188,59.33
6189,59.29
6190,59.04
6191,57.27
6192,53.6
6193,53.6
6194,53.6
6195,55.55
6196,59.04
6197,59.33
6198,59.33
6199,59.33
6200,59.29
6201,57.27
6202,51.99
6203,50.43
6204,50.43
6205,50.43
6206,51.99
6207,57.52
6208,59.33
6209,59.33
6210,59.33
6211,59.33
6212,59.33
6213,59.29
6214,53.6
6215,51.96
6216,50.43
6217,50.4
6218,50.4
6219,50.4
6220,50.4
6221,50.43
6222,50.43
6223,51.99
6224,50.43
6225,50.4
6226,48.06
6227,43.75
6228,43.75
6229,43.75
6230,50.4
6231,50.4
6232,51.99
6233,57.27
6234,59.04
6235,59.04
6236,53.6
6237,53.6
6238,51.99
6239,51.99
6240,51.96
6241,51.96
6242,50.43
6243,50.43
6244,50.43
6245,50.43
6246,50.43
6247,51.99
6248,51.96
6249,50.43
6250,50.4
6251,50.4
6252,50.4
6253,50.4
6254,50.4
6255,50.4
6256,50.43
6257,57.27
6258,59.04
6259,59.04
6260,57.27
6261,53.6
6262,51.99
6263,51.99
6264,51.96
6265,51.96
6266,51.99
6267,51.99
6268,57.27
6269,59.33
6270,59.33
6271,59.33
6272,59.33
6273,59.29
6274,57.27
6275,51.99
6276,51.99
6277,51.73
6278,51.99
6279,51.99
6280,59.04
6281,59.33
6282,59.33
6283,59.33
6284,59.33
6285,59.29
6286,57.27
6287,51.99
6288,51.99
6289,51.99
6290,51.96
6291,51.99
6292,53.6
6293,59.29
6294,59.33
6295,59.33
6296,59.04
6297,51.99
6298,50.4
6299,50.4
6300,50.4
6301,50.4
6302,50.4
6303,51.99
6304,59.29
6305,59.29
6306,59.33
6307,59.33
6308,59.29
6309,59.29
6310,59.04
6311,53.6
6312,51.99
6313,51.99
6314,51.96
6315,51.99
6316,53.6
6317,59.29
6318,59.29
6319,59.29
6320,59.04
6321,51.99
6322,50.43
6323,50.4
6324,50.4
6325,50.4
6326,50.4
6327,50.43
6328,57.27
6329,59.29
6330,59.29
6331,59.29
6332,59.29
6333,59.04
6334,51.99
6335,50.43
6336,50.4
6337,50.4
6338,50.4
6339,50.4
6340,50.43
6341,57.27
6342,59.29
6343,59.04
6344,57.27
6345,50.43
6346,50.4
6347,43.75
6348,43.75
6349,43.75
6350,45.1
6351,50.4
6352,50.43
6353,59.04
6354,59.33
6355,59.33
6356,59.29
6357,59.04
6358,57.27
6359,55.79
6360,53.6
6361,53.6
6362,51.99
6363,53.6
6364,57.27
6365,59.29
6366,59.33
6367,59.33
6368,59.29
6369,57.27
6370,50.43
6371,50.43
6372,50.43
6373,50.43
6374,50.43
6375,51.99
6376,59.29
6377,60.86
6378,64.51
6379,63.06
6380,60.86
6381,59.33
6382,59.29
6383,59.29
6384,59.04
6385,57.27
6386,55.55
6387,53.6
6388,55.55
6389,59.04
6390,59.04
6391,59.04
6392,57.27
6393,50.43
6394,50.43
6395,50.43
6396,50.4
6397,50.4
6398,50.43
6399,50.43
6400,59.04
6401,59.33
6402,60.86
6403,60.86
6404,59.33
6405,59.33
6406,59.29
6407,59.04
6408,57.27
6409,57.27
6410,55.55
6411,55.26
6412,55.55
6413,57.27
6414,57.52
6415,57.27
6416,51.99
6417,50.43
6418,50.43
6419,49.3
6420,47.68
6421,49.3
6422,50.4
6423,50.43
6424,53.6
6425,60.86
6426,61.16
6427,61.16
6428,61.16
6429,61.13
6430,59.29
6431,59.29
6432,59.04
6433,53.6
6434,53.6
6435,53.6
6436,59.04
6437,60.86
6438,61.16
6439,61.16
6440,59.29
6441,57.27
6442,51.99
6443,51.99
6444,51.99
6445,51.99
6446,51.99
6447,59.04
6448,59.29
6449,66.5
6450,66.5
6451,66.5
6452,66.5
6453,64.65
6454,62.75
6455,59.29
6456,59.29
6457,59.29
6458,59.29
6459,60.86
6460,61.13
6461,66.5
6462,66.5
6463,66.5
6464,66.5
6465,60.86
6466,59.29
6467,57.27
6468,57.27
6469,57.27
6470,59.29
6471,60.86
6472,66.5
6473,66.5
6474,66.5
6475,66.5
6476,66.5
6477,66.5
6478,61.13
6479,60.86
6480,59.29
6481,59.29
6482,59.29
6483,59.29
6484,59.29
6485,66.5
6486,66.5
6487,66.5
6488,60.86
6489,59.04
6490,56.53
6491,53.6
6492,53.31
6493,53.6
6494,56.53
6495,59.04
6496,61.13
6497,66.5
6498,66.5
6499,66.5
6500,66.17
6501,60.86
6502,59.29
6503,57.52
6504,56.53
6505,56.53
6506,56.53
6507,56.53
6508,59.04
6509,64.65
6510,66.5
6511,66.5
6512,62.75
6513,59.04
6514,56.53
6515,53.6
6516,51.99
6517,53.6
6518,56.53
6519,59.04
6520,61.13
6521,66.5
6522,66.5
6523,66.5
6524,66.5
6525,62.75
6526,59.29
6527,59.04
6528,59.04
6529,57.27
6530,57.27
6531,57.52
6532,59.29
6533,64.65
6534,66.5
6535,64.65
6536,60.86
6537,59.04
6538,56.53
6539,55.55
6540,53.6
6541,53.6
6542,56.53
6543,59.04
6544,61.13
6545,66.5
6546,66.5
6547,66.5
6548,66.5
6549,66.5
6550,64.51
6551,60.86
6552,60.86
6553,59.29
6554,59.29
6555,59.29
6556,59.29
6557,60.86
6558,64.65
6559,60.86
6560,59.29
6561,51.99
6562,51.96
6563,50.43
6564,50.43
6565,50.43
6566,51.96
6567,51.99
6568,59.29
6569,61.13
6570,66.25
6571,64.51
6572,61.13
6573,61.13
6574,61.13
6575,60.86
6576,59.29
6577,59.29
6578,59.29
6579,59.04
6580,59.29
6581,59.29
6582,59.29
6583,59.29
6584,53.6
6585,50.43
6586,50.43
6587,50.4
6588,50.18
6589,50.4
6590,50.43
6591,50.43
6592,55.55
6593,59.33
6594,60.86
6595,60.86
6596,59.33
6597,59.33
6598,59.29
6599,59.04
6600,57.27
6601,55.55
6602,53.6
6603,53.6
6604,57.27
6605,57.27
6606,59.29
6607,59.29
6608,59.04
6609,55.55
6610,50.43
6611,48.92
6612,48.89
6613,48.89
6614,48.89
6615,50.43
6616,55.55
6617,57.52
6618,57.52
6619,57.27
6620,55.79
6621,51.99
6622,50.43
6623,50.4
6624,48.89
6625,48.89
6626,48.89
6627,50.4
6628,50.43
6629,57.27
6630,57.52
6631,57.52
6632,57.27
6633,51.99
6634,50.4
6635,48.68
6636,44.88
6637,44.88
6638,47.42
6639,50.4
6640,51.99
6641,57.27
6642,57.27
6643,57.27
6644,57.27
6645,57.27
6646,53.6
6647,50.43
6648,50.43
6649,50.4
6650,50.4
6651,50.4
6652,50.43
6653,57.27
6654,57.27
6655,57.27
6656,57.27
6657,51.99
6658,48.89
6659,43.53
6660,43.53
6661,43.53
6662,45.56
6663,50.4
6664,51.99
6665,54.12
6666,55.79
6667,53.6
6668,51.99
6669,50.43
6670,50.4
6671,42.22
6672,39.6
6673,39.6
6674,39.6
6675,39.6
6676,39.6
6677,46.59
6678,48.89
6679,48.89
6680,42.92
6681,36.48
6682,14.73
6683,13.22
6684,13.22
6685,13.63
6686,14.73
6687,37.07
6688,42.22
6689,50.43
6690,50.43
6691,50.43
6692,50.43
6693,50.43
6694,50.43
6695,50.4
6696,50.4
6697,43.53
6698,43.53
6699,43.53
6700,50.4
6701,50.43
6702,50.43
6703,50.43
6704,50.43
6705,50.4
6706,42.87
6707,42.87
6708,42.87
6709,42.87
6710,42.87
6711,48.89
6712,50.43
6713,50.43
6714,50.43
6715,50.43
6716,50.43
6717,50.43
6718,50.4
6719,43.53
6720,42.22
6721,42.22
6722,42.22
6723,42.22
6724,42.22
6725,42.22
6726,43.53
6727,49.67
6728,49.67
6729,42.22
6730,42.22
6731,37.12
6732,37.07
6733,37.07
6734,39.73
6735,42.22
6736,50.4
6737,50.43
6738,51.99
6739,51.99
6740,50.43
6741,51.99
6742,51.99
6743,51.99
6744,51.99
6745,51.99
6746,51.99
6747,51.99
6748,51.99
6749,51.99
6750,51.99
6751,51.99
6752,51.99
6753,50.43
6754,43.53
6755,43.53
6756,39.47
6757,38.24
6758,42.11
6759,43.53
6760,49.67
6761,50.43
6762,50.43
6763,50.4
6764,49.67
6765,43.59
6766,43.53
6767,43.53
6768,43.53
6769,43.53
6770,43.53
6771,43.53
6772,50.4
6773,51.21
6774,51.99
6775,54.43
6776,55.79
6777,53.6
6778,51.99
6779,50.43
6780,50.4
6781,43.53
6782,43.53
6783,43.53
6784,43.53
6785,50.4
6786,50.4
6787,48.92
6788,43.53
6789,43.53
6790,43.53
6791,43.53
6792,43.53
6793,43.53
6794,43.53
6795,43.53
6796,43.53
6797,50.43
6798,51.21
6799,51.21
6800,50.43
6801,50.4
6802,43.53
6803,43.53
6804,43.53
6805,43.53
6806,43.53
6807,43.53
6808,50.4
6809,51.99
6810,52.79
6811,51.21
6812,50.43
6813,50.43
6814,50.4
6815,44.88
6816,44.88
6817,44.88
6818,44.88
6819,50.4
6820,50.43
6821,57.27
6822,59.33
6823,59.33
6824,59.33
6825,57.27
6826,53.6
6827,50.43
6828,50.43
6829,50.43
6830,51.99
6831,53.6
6832,60.86
6833,62.71
6834,62.71
6835,62.71
6836,60.86
6837,60.83
6838,59.04
6839,57.27
6840,57.27
6841,57.27
6842,57.27
6843,59.04
6844,60.83
6845,62.71
6846,62.71
6847,62.71
6848,62.71
6849,60.86
6850,57.27
6851,53.6
6852,53.31
6853,53.31
6854,53.6
6855,59.04
6856,62.71
6857,62.71
6858,62.71
6859,62.71
6860,62.71
6861,60.86
6862,60.83
6863,59.04
6864,59.04
6865,59.04
6866,59.04
6867,59.04
6868,60.86
6869,62.71
6870,62.71
6871,62.71
6872,62.71
6873,59.04
6874,51.71
6875,50.43
6876,50.43
6877,50.43
6878,51.71
6879,53.6
6880,60.83
6881,60.86
6882,60.86
6883,60.83
6884,60.83
6885,60.83
6886,59.04
6887,53.6
6888,51.99
6889,51.99
6890,51.99
6891,51.99
6892,51.99
6893,53.6
6894,59.04
6895,59.04
6896,53.6
6897,50.4
6898,44.19
6899,43.53
6900,43.53
6901,43.53
6902,43.53
6903,44.19
6904,50.43
6905,55.55
6906,57.24
6907,51.99
6908,51.99
6909,51.99
6910,51.99
6911,50.43
6912,50.4
6913,50.4
6914,50.4
6915,50.4
6916,50.4
6917,50.43
6918,50.43
6919,50.43
6920,50.43
6921,44.19
6922,43.53
6923,43.53
6924,43.53
6925,43.53
6926,43.53
6927,44.19
6928,50.43
6929,59.29
6930,60.83
6931,59.04
6932,57.27
6933,59.01
6934,57.27
6935,57.27
6936,57.27
6937,57.27
6938,57.27
6939,57.27
6940,60.83
6941,60.83
6942,60.86
6943,60.86
6944,60.86
6945,60.83
6946,60.83
6947,57.27
6948,51.99
6949,51.71
6950,51.71
6951,53.6
6952,60.83
6953,60.83
6954,60.83
6955,60.83
6956,57.27
6957,53.6
6958,50.43
6959,48.65
6960,48.65
6961,48.65
6962,48.65
6963,48.65
6964,48.89
6965,51.99
6966,57.24
6967,57.24
6968,53.6
6969,50.4
6970,48.65
6971,44.9
6972,43.53
6973,43.53
6974,44.9
6975,48.65
6976,50.43
6977,57.27
6978,57.27
6979,57.27
6980,57.24
6981,55.26
6982,51.99
6983,50.43
6984,50.43
6985,50.4
6986,50.4
6987,50.4
6988,51.99
6989,57.27
6990,60.83
6991,60.86
6992,60.86
6993,59.04
6994,57.27
6995,51.99
6996,51.73
6997,51.99
6998,51.99
6999,57.27
7000,59.04
7001,60.86
7002,60.86
7003,59.04
7004,57.27
7005,57.27
7006,57.24
7007,53.6
7008,53.6
7009,51.99
7010,51.99
7011,51.99
7012,57.24
7013,60.83
7014,61.16
7015,61.16
7016,61.16
7017,60.83
7018,57.27
7019,51.99
7020,51.99
7021,51.99
7022,51.99
7023,57.27
7024,60.86
7025,61.16
7026,61.16
7027,61.16
7028,61.16
7029,61.16
7030,60.86
7031,59.29
7032,59.29
7033,59.04
7034,59.04
7035,59.29
7036,60.86
7037,61.16
7038,61.16
7039,61.16
7040,61.16
7041,60.86
7042,57.27
7043,51.99
7044,51.99
7045,51.99
7046,51.99
7047,57.24
7048,60.83
7049,61.16
7050,61.16
7051,61.16
7052,60.86
7053,59.29
7054,57.27
7055,53.6
7056,53.6
7057,51.99
7058,51.99
7059,51.99
7060,51.99
7061,57.24
7062,59.04
7063,59.04
7064,57.27
7065,50.43
7066,42.87
7067,42.22
7068,41.97
7069,41.97
7070,42.11
7071,42.87
7072,50.43
7073,53.6
7074,51.99
7075,50.43
7076,50.43
7077,50.43
7078,50.43
7079,50.4
7080,50.4
7081,50.4
7082,48.89
7083,50.4
7084,50.4
7085,50.43
7086,50.43
7087,50.43
7088,50.43
7089,42.87
7090,41.97
7091,40.71
7092,14.05
7093,14.05
7094,40.71
7095,42.87
7096,48.89
7097,50.43
7098,50.43
7099,50.4
7100,50.4
7101,50.4
7102,50.4
7103,47.42
7104,45.56
7105,47.42
7106,48.89
7107,50.4
7108,50.43
7109,51.99
7110,55.29
7111,55.29
7112,51.99
7113,50.43
7114,42.87
7115,40.71
7116,14.05
7117,14.05
7118,14.48
7119,40.71
7120,42.87
7121,50.43
7122,50.43
7123,50.4
7124,50.4
7125,48.89
7126,43.53
7127,42.87
7128,42.87
7129,42.87
7130,42.87
7131,42.87
7132,50.4
7133,53.6
7134,59.01
7135,59.01
7136,57.27
7137,51.99
7138,50.43
7139,50.4
7140,50.16
7141,50.16
7142,50.4
7143,51.99
7144,57.27
7145,59.01
7146,59.01
7147,57.27
7148,57.24
7149,53.88
7150,51.99
7151,51.96
7152,50.43
7153,50.43
7154,50.43
7155,50.43
7156,51.99
7157,59.04
7158,61.16
7159,61.16
7160,61.16
7161,60.86
7162,59.29
7163,53.31
7164,51.99
7165,51.99
7166,51.99
7167,59.04
7168,60.86
7169,63.06
7170,63.06
7171,60.86
7172,60.86
7173,60.86
7174,59.04
7175,53.6
7176,53.6
7177,53.6
7178,53.6
7179,53.6
7180,58.28
7181,60.86
7182,63.06
7183,63.06
7184,63.06
7185,60.86
7186,59.04
7187,53.6
7188,53.6
7189,53.6
7190,57.27
7191,59.04
7192,60.86
7193,66.5
7194,65.01
7195,60.86
7196,59.29
7197,59.04
7198,57.27
7199,57.27
7200,56.53
7201,56.53
7202,57.27
7203,57.27
7204,59.04
7205,68.56
7206,68.56
7207,68.56
7208,68.56
7209,68.56
7210,64.51
7211,59.29
7212,59.04
7213,59.04
7214,60.08
7215,66.5
7216,68.56
7217,68.56
7218,68.56
7219,68.56
7220,68.56
7221,68.56
7222,68.56
7223,68.56
7224,61.13
7225,60.86
7226,60.86
7227,60.86
7228,60.86
7229,60.86
7230,60.86
7231,66.5
7232,61.94
7233,60.86
7234,57.27
7235,51.99
7236,51.96
7237,51.96
7238,51.99
7239,59.04
7240,60.86
7241,61.13
7242,60.86
7243,59.04
7244,57.27
7245,57.27
7246,57.27
7247,51.99
7248,51.99
7249,51.96
7250,51.96
7251,51.96
7252,51.96
7253,51.96
7254,51.96
7255,51.99
7256,51.99
7257,51.96
7258,51.96
7259,51.96
7260,50.69
7261,50.69
7262,51.96
7263,53.6
7264,60.86
7265,61.16
7266,61.16
7267,61.16
7268,60.86
7269,60.86
7270,60.86
7271,59.29
7272,59.04
7273,59.04
7274,59.04
7275,59.04
7276,59.04
7277,60.86
7278,61.13
7279,61.16
7280,61.16
7281,61.16
7282,60.86
7283,57.27
7284,51.99
7285,51.99
7286,55.79
7287,59.29
7288,61.16
7289,65.01
7290,64.15
7291,61.16
7292,60.86
7293,59.29
7294,59.29
7295,57.27
7296,53.6
7297,51.99
7298,51.99
7299,51.99
7300,51.99
7301,51.99
7302,53.6
7303,58.28
7304,59.04
7305,53.6
7306,51.99
7307,51.96
7308,50.67
7309,50.67
7310,50.67
7311,51.99
7312,58.28
7313,59.29
7314,60.86
7315,60.86
7316,60.86
7317,60.08
7318,60.86
7319,59.29
7320,59.04
7321,59.04
7322,59.04
7323,59.29
7324,60.86
7325,60.86
7326,64.51
7327,68.56
7328,68.56
7329,64.51
7330,63.02
7331,60.86
7332,59.29
7333,59.04
7334,60.86
7335,63.02
7336,64.51
7337,64.51
7338,64.51
7339,64.51
7340,60.86
7341,60.86
7342,59.04
7343,53.6
7344,51.99
7345,51.99
7346,51.99
7347,51.99
7348,51.99
7349,51.99
7350,59.04
7351,60.86
7352,60.86
7353,59.04
7354,58.28
7355,53.6
7356,51.99
7357,51.99
7358,55.55
7359,59.04
7360,59.29
7361,60.86
7362,60.86
7363,59.29
7364,59.04
7365,53.6
7366,51.99
7367,51.99
7368,51.99
7369,51.99
7370,51.99
7371,51.99
7372,51.99
7373,51.99
7374,58.28
7375,60.86
7376,60.86
7377,59.29
7378,59.04
7379,57.27
7380,55.55
7381,57.27
7382,58.28
7383,60.86
7384,61.16
7385,61.16
7386,61.16
7387,61.16
7388,61.16
7389,61.16
7390,61.16
7391,60.86
7392,60.86
7393,59.29
7394,59.04
7395,57.27
7396,53.6
7397,53.6
7398,57.27
7399,59.04
7400,59.29
7401,59.04
7402,57.27
7403,53.6
7404,51.99
7405,51.99
7406,51.99
7407,58.28
7408,59.29
7409,60.86
7410,59.29
7411,59.04
7412,59.04
7413,58.28
7414,59.04
7415,57.27
7416,51.99
7417,51.99
7418,51.99
7419,51.99
7420,51.99
7421,51.99
7422,51.99
7423,51.99
7424,53.6
7425,51.99
7426,51.99
7427,51.99
7428,51.99
7429,51.99
7430,51.99
7431,51.99
7432,51.99
7433,58.28
7434,59.04
7435,59.04
7436,55.26
7437,53.6
7438,55.79
7439,53.6
7440,51.99
7441,51.99
7442,51.99
7443,51.99
7444,51.99
7445,53.6
7446,60.86
7447,63.02
7448,67.37
7449,61.13
7450,59.29
7451,58.28
7452,57.27
7453,57.27
7454,58.28
7455,60.86
7456,68.56
7457,68.56
7458,68.56
7459,68.56
7460,64.51
7461,60.86
7462,60.86
7463,60.08
7464,59.04
7465,58.28
7466,58.28
7467,58.28
7468,58.28
7469,59.29
7470,68.56
7471,68.56
7472,68.56
7473,68.56
7474,66.5
7475,60.86
7476,59.04
7477,59.04
7478,60.08
7479,68.56
7480,68.56
7481,68.56
7482,68.56
7483,68.56
7484,68.56
7485,68.56
7486,68.56
7487,61.94
7488,60.86
7489,60.86
7490,60.86
7491,60.86
7492,60.86
7493,60.86
7494,68.56
7495,68.56
7496,68.56
7497,68.56
7498,68.56
7499,68.56
7500,60.86
7501,60.86
7502,66.5
7503,68.56
7504,68.56
7505,68.56
7506,68.56
7507,68.56
7508,68.56
7509,68.56
7510,68.56
7511,68.56
7512,60.86
7513,60.86
7514,60.86
7515,60.86
7516,60.86
7517,60.86
7518,68.56
7519,68.56
7520,68.56
7521,68.56
7522,68.56
7523,68.56
7524,60.86
7525,60.86
7526,60.86
7527,60.86
7528,68.56
7529,68.56
7530,68.56
7531,68.56
7532,60.86
7533,60.08
7534,59.04
7535,57.27
7536,53.6
7537,51.99
7538,51.99
7539,51.99
7540,51.99
7541,52.24
7542,59.04
7543,59.29
7544,59.04
7545,51.99
7546,50.67
7547,50.43
7548,50.43
7549,50.43
7550,50.67
7551,50.67
7552,58.28
7553,59.29
7554,59.29
7555,59.04
7556,58.28
7557,53.6
7558,53.6
7559,53.6
7560,51.99
7561,51.99
7562,50.67
7563,50.67
7564,51.99
7565,51.99
7566,53.6
7567,57.27
7568,59.04
7569,57.27
7570,51.99
7571,50.67
7572,50.67
7573,50.67
7574,50.67
7575,53.6
7576,60.86
7577,60.86
7578,60.86
7579,60.86
7580,60.86
7581,60.08
7582,60.86
7583,60.08
7584,59.04
7585,59.04
7586,57.27
7587,57.27
7588,57.27
7589,59.04
7590,59.04
7591,59.29
7592,59.04
7593,55.55
7594,51.99
7595,51.73
7596,51.73
7597,50.67
7598,51.73
7599,51.99
7600,60.86
7601,68.56
7602,68.56
7603,64.69
7604,60.86
7605,60.86
7606,60.86
7607,60.86
7608,60.86
7609,60.08
7610,59.29
7611,60.08
7612,60.86
7613,62.75
7614,68.56
7615,70.68
7616,70.68
7617,68.56
7618,68.56
7619,60.86
7620,60.86
7621,60.86
7622,62.75
7623,68.56
7624,70.68
7625,70.68
7626,70.68
7627,70.68
7628,70.68
7629,68.56
7630,68.56
7631,68.56
7632,60.86
7633,60.86
7634,60.86
7635,60.86
7636,60.86
7637,62.75
7638,68.56
7639,70.68
7640,70.68
7641,68.56
7642,60.86
7643,60.08
7644,60.08
7645,60.08
7646,60.86
7647,68.56
7648,70.68
7649,70.68
7650,70.68
7651,70.68
7652,68.56
7653,68.56
7654,68.56
7655,63.02
7656,60.86
7657,60.08
7658,60.08
7659,60.08
7660,60.86
7661,60.86
7662,68.56
7663,68.56
7664,68.56
7665,68.56
7666,60.86
7667,60.08
7668,59.04
7669,60.08
7670,60.08
7671,68.56
7672,68.56
7673,70.68
7674,68.56
7675,68.56
7676,68.56
7677,68.56
7678,68.56
7679,60.86
7680,60.08
7681,60.08
7682,60.08
7683,60.08
7684,60.86
7685,60.86
7686,68.56
7687,68.56
7688,70.68
7689,68.56
7690,68.56
7691,66.5
7692,60.86
7693,60.86
7694,68.56
7695,68.56
7696,70.68
7697,70.68
7698,70.68
7699,70.68
7700,70.68
7701,68.56
7702,68.56
7703,68.56
7704,68.56
7705,64.69
7706,60.86
7707,60.86
7708,60.86
7709,68.56
7710,68.56
7711,70.68
7712,70.68
7713,70.68
7714,70.68
7715,68.56
7716,68.56
7717,68.56
7718,68.56
7719,68.56
7720,68.56
7721,70.68
7722,70.68
7723,68.56
7724,68.56
7725,68.56
7726,60.86
7727,60.86
7728,60.86
7729,60.08
7730,60.08
7731,60.08
7732,60.08
7733,60.86
7734,60.86
7735,61.13
7736,68.56
7737,64.51
7738,60.86
7739,60.08
7740,59.29
7741,59.29
7742,60.08
7743,60.86
7744,68.56
7745,68.56
7746,68.56
7747,68.56
7748,68.56
7749,66.5
7750,66.5
7751,61.94
7752,60.08
7753,60.08
7754,60.08
7755,60.08
7756,60.08
7757,60.86
7758,60.86
7759,60.86
7760,60.86
7761,60.86
7762,60.86
7763,60.08
7764,60.08
7765,60.08
7766,60.08
7767,60.86
7768,68.56
7769,68.56
7770,68.56
7771,68.56
7772,66.5
7773,64.51
7774,64.51
7775,60.86
7776,60.08
7777,60.08
7778,60.08
7779,60.08
7780,60.08
7781,68.56
7782,68.56
7783,70.68
7784,70.68
7785,68.56
7786,68.56
7787,66.5
7788,60.86
7789,66.5
7790,68.56
7791,68.56
7792,70.68
7793,70.68
7794,70.68
7795,70.68
7796,70.68
7797,68.56
7798,68.56
7799,68.56
7800,64.69
7801,63.85
7802,60.86
7803,60.86
7804,66.5
7805,68.56
7806,70.68
7807,70.68
7808,70.68
7809,70.68
7810,68.56
7811,68.56
7812,66.5
7813,68.56
7814,68.56
7815,68.56
7816,70.68
7817,70.68
7818,70.68
7819,70.68
7820,70.68
7821,68.56
7822,68.56
7823,68.56
7824,68.56
7825,68.56
7826,66.5
7827,68.56
7828,68.56
7829,68.56
7830,70.68
7831,70.68
7832,70.68
7833,70.68
7834,70.68
7835,68.56
7836,68.56
7837,68.56
7838,68.56
7839,68.56
7840,70.68
7841,70.68
7842,70.68
7843,70.68
7844,68.56
7845,68.56
7846,68.56
7847,64.51
7848,59.29
7849,59.04
7850,58.28
7851,58.28
7852,59.04
7853,60.86
7854,68.56
7855,68.56
7856,68.56
7857,68.56
7858,68.56
7859,68.56
7860,60.86
7861,60.86
7862,66.5
7863,68.56
7864,68.56
7865,68.56
7866,68.56
7867,68.56
7868,68.56
7869,62.75
7870,60.86
7871,59.04
7872,57.27
7873,57.27
7874,56.53
7875,56.53
7876,56.53
7877,57.27
7878,60.86
7879,66.5
7880,66.5
7881,60.86
7882,58.28
7883,57.27
7884,53.6
7885,53.6
7886,57.27
7887,58.28
7888,60.86
7889,63.06
7890,60.86
7891,59.04
7892,58.28
7893,55.55
7894,51.99
7895,50.43
7896,50.43
7897,50.43
7898,50.43
7899,50.43
7900,50.43
7901,50.43
7902,51.99
7903,53.6
7904,57.27
7905,57.27
7906,53.6
7907,50.43
7908,50.4
7909,48.89
7910,48.89
7911,50.4
7912,51.99
7913,53.6
7914,51.99
7915,51.99
7916,50.43
7917,50.4
7918,50.4
7919,27.42
7920,13.86
7921,13.86
7922,13.86
7923,13.86
7924,13.86
7925,13.86
7926,13.86
7927,15.81
7928,16.3
7929,13.86
7930,13.86
7931,13.86
7932,13.86
7933,13.86
7934,13.86
7935,13.86
7936,13.86
7937,27.42
7938,50.4
7939,48.89
7940,48.89
7941,48.89
7942,50.4
7943,48.89
7944,48.89
7945,48.89
7946,50.4
7947,50.43
7948,51.96
7949,57.27
7950,64.51
7951,64.51
7952,64.51
7953,64.51
7954,64.51
7955,59.04
7956,57.27
7957,57.27
7958,59.04
7959,64.51
7960,64.51
7961,64.51
7962,64.51
7963,64.51
7964,64.51
7965,60.86
7966,60.86
7967,59.04
7968,57.27
7969,57.27
7970,55.55
7971,54.83
7972,55.26
7973,58.28
7974,64.51
7975,64.51
7976,64.51
7977,64.51
7978,59.29
7979,59.04
7980,57.27
7981,57.27
7982,59.04
7983,60.86
7984,60.86
7985,60.86
7986,60.86
7987,59.04
7988,58.28
7989,57.27
7990,54.83
7991,53.6
7992,52.25
7993,51.99
7994,51.99
7995,51.99
7996,53.6
7997,54.83
7998,59.04
7999,64.51
8000,64.51
8001,64.51
8002,64.51
8003,60.86
8004,59.04
8005,59.04
8006,60.86
8007,64.51
8008,64.51
8009,64.51
8010,64.51
8011,64.51
8012,64.51
8013,60.86
8014,60.86
8015,59.04
8016,57.27
8017,53.6
8018,53.6
8019,53.6
8020,53.6
8021,53.6
8022,58.28
8023,59.04
8024,59.04
8025,58.28
8026,57.27
8027,57.27
8028,57.27
8029,57.27
8030,57.27
8031,58.28
8032,59.04
8033,60.86
8034,60.86
8035,60.86
8036,60.86
8037,59.29
8038,59.04
8039,57.27
8040,53.6
8041,53.6
8042,53.6
8043,53.6
8044,53.6
8045,53.6
8046,59.04
8047,63.06
8048,63.06
8049,63.06
8050,60.86
8051,59.04
8052,57.27
8053,57.27
8054,57.27
8055,59.04
8056,63.06
8057,64.51
8058,64.51
8059,64.51
8060,63.06
8061,59.29
8062,59.04
8063,57.27
8064,53.6
8065,51.99
8066,50.43
8067,50.4
8068,50.43
8069,50.43
8070,50.43
8071,48.89
8072,27.42
8073,14.05
8074,13.22
8075,13.22
8076,13.22
8077,13.22
8078,13.22
8079,13.22
8080,13.22
8081,15.55
8082,15.55
8083,15.55
8084,15.55
8085,15.55
8086,15.55
8087,15.55
8088,13.22
8089,13.22
8090,13.22
8091,13.22
8092,13.22
8093,13.22
8094,13.22
8095,13.22
8096,13.22
8097,13.22
8098,13.22
8099,13.22
8100,13.22
8101,13.22
8102,13.22
8103,14.05
8104,47.65
8105,50.43
8106,50.43
8107,50.43
8108,50.43
8109,50.4
8110,50.4
8111,47.42
8112,42.87
8113,42.87
8114,42.87
8115,42.87
8116,47.42
8117,50.4
8118,53.6
8119,57.27
8120,57.27
8121,57.27
8122,51.99
8123,50.4
8124,48.68
8125,48.68
8126,50.4
8127,51.99
8128,57.27
8129,59.04
8130,59.04
8131,59.04
8132,57.27
8133,57.27
8134,55.55
8135,53.6
8136,51.99
8137,50.43
8138,50.43
8139,50.43
8140,50.43
8141,57.27
8142,59.04
8143,59.04
8144,59.04
8145,59.04
8146,59.04
8147,59.04
8148,57.27
8149,58.28
8150,58.28
8151,59.04
8152,59.04
8153,59.04
8154,59.04
8155,59.04
8156,59.04
8157,59.04
8158,57.27
8159,51.99
8160,51.99
8161,51.99
8162,50.43
8163,50.43
8164,50.43
8165,51.99
8166,58.28
8167,59.04
8168,59.04
8169,59.04
8170,58.28
8171,53.6
8172,51.99
8173,51.73
8174,51.99
8175,51.99
8176,57.27
8177,57.27
8178,57.27
8179,55.79
8180,51.99
8181,50.43
8182,50.4
8183,48.89
8184,48.68
8185,48.68
8186,48.68
8187,48.68
8188,48.89
8189,50.43
8190,53.6
8191,57.27
8192,57.27
8193,57.27
8194,57.27
8195,57.27
8196,51.99
8197,51.99
8198,53.6
8199,57.27
8200,57.27
8201,57.27
8202,57.27
8203,57.27
8204,50.4
8205,47.42
8206,47.42
8207,47.42
8208,47.42
8209,47.42
8210,46.29
8211,43.57
8212,46.29
8213,47.42
8214,50.4
8215,51.99
8216,53.6
8217,51.99
8218,50.43
8219,50.4
8220,47.42
8221,47.42
8222,50.4
8223,50.43
8224,57.27
8225,57.27
8226,58.28
8227,58.28
8228,57.27
8229,57.27
8230,53.6
8231,51.99
8232,51.99
8233,51.99
8234,50.43
8235,51.99
8236,51.99
8237,51.99
8238,53.6
8239,55.26
8240,57.27
8241,58.28
8242,57.27
8243,51.99
8244,50.43
8245,50.43
8246,50.43
8247,51.99
8248,57.27
8249,58.28
8250,58.28
8251,58.28
8252,57.27
8253,53.6
8254,53.6
8255,51.99
8256,51.99
8257,50.43
8258,50.43
8259,51.99
8260,51.99
8261,51.99
8262,53.6
8263,53.6
8264,57.27
8265,57.27
8266,53.6
8267,51.99
8268,51.99
8269,51.99
8270,53.6
8271,57.27
8272,58.28
8273,59.04
8274,58.28
8275,58.28
8276,57.27
8277,53.6
8278,53.6
8279,51.99
8280,50.43
8281,50.4
8282,50.4
8283,50.4
8284,50.4
8285,50.43
8286,58.28
8287,59.04
8288,59.04
8289,59.04
8290,59.04
8291,59.04
8292,59.04
8293,59.04
8294,59.04
8295,59.04
8296,59.04
8297,59.04
8298,59.04
8299,59.04
8300,59.04
8301,58.28
8302,53.6
8303,50.43
8304,50.4
8305,47.65
8306,48.89
8307,47.65
8308,47.65
8309,50.4
8310,50.43
8311,56.06
8312,53.6
8313,50.43
8314,50.43
8315,47.42
8316,47.42
8317,47.42
8318,47.42
8319,50.4
8320,50.43
8321,55.55
8322,53.6
8323,51.99
8324,50.43
8325,50.4
8326,50.4
8327,47.42
8328,47.42
8329,47.42
8330,47.42
8331,47.42
8332,47.42
8333,48.89
8334,50.43
8335,55.79
8336,55.79
8337,55.79
8338,53.6
8339,51.99
8340,50.4
8341,50.4
8342,50.4
8343,50.43
8344,53.88
8345,55.79
8346,55.79
8347,55.79
8348,51.99
8349,50.43
8350,50.4
8351,47.42
8352,47.42
8353,47.42
8354,47.42
8355,47.42
8356,47.42
8357,50.4
8358,51.99
8359,57.27
8360,57.27
8361,57.27
8362,57.27
8363,57.27
8364,57.27
8365,57.27
8366,57.27
8367,57.27
8368,57.27
8369,57.27
8370,57.27
8371,57.27
8372,57.27
8373,51.99
8374,50.43
8375,50.43
8376,50.18
8377,48.89
8378,50.4
8379,50.4
8380,50.4
8381,50.43
8382,57.27
8383,57.27
8384,58.28
8385,57.27
8386,57.27
8387,57.27
8388,51.99
8389,50.43
8390,50.43
8391,50.43
8392,50.43
8393,53.6
8394,51.99
8395,50.43
8396,48.89
8397,47.42
8398,47.42
8399,47.42
8400,47.42
8401,47.42
8402,43.55
8403,43.55
8404,47.42
8405,47.42
8406,47.42
8407,50.4
8408,50.43
8409,50.43
8410,50.43
8411,50.4
8412,47.42
8413,47.42
8414,48.89
8415,50.43
8416,51.99
8417,53.6
8418,53.6
8419,51.99
8420,51.99
8421,51.99
8422,51.99
8423,50.43
8424,50.43
8425,50.4
8426,48.89
8427,47.65
8428,47.65
8429,47.65
8430,48.89
8431,50.4
8432,50.43
8433,51.99
8434,51.99
8435,50.43
8436,50.43
8437,50.4
8438,50.43
8439,51.99
8440,57.27
8441,59.04
8442,59.04
8443,59.04
8444,58.28
8445,57.27
8446,55.55
8447,51.99
8448,51.99
8449,50.43
8450,51.99
8451,51.99
8452,53.6
8453,57.27
8454,64.51
8455,66.5
8456,66.5
8457,66.5
8458,66.5
8459,62.75
8460,60.86
8461,60.86
8462,66.5
8463,66.5
8464,66.5
8465,66.5
8466,66.5
8467,66.5
8468,66.5
8469,59.29
8470,59.04
8471,57.27
8472,56.53
8473,55.55
8474,53.87
8475,53.6
8476,53.87
8477,56.53
8478,59.04
8479,64.51
8480,68.56
8481,68.56
8482,68.56
8483,66.5
8484,60.86
8485,60.86
8486,63.02
8487,68.56
8488,68.56
8489,68.56
8490,68.56
8491,68.56
8492,68.56
8493,64.51
8494,60.86
8495,59.04
8496,58.28
8497,58.28
8498,57.27
8499,57.27
8500,57.27
8501,58.28
8502,59.29
8503,68.56
8504,68.56
8505,68.56
8506,68.56
8507,68.56
8508,68.56
8509,68.56
8510,68.56
8511,68.56
8512,68.56
8513,68.56
8514,68.56
8515,68.56
8516,68.56
8517,68.56
8518,68.56
8519,60.86
8520,60.86
8521,59.04
8522,59.04
8523,58.28
8524,58.28
8525,59.04
8526,60.86
8527,68.56
8528,68.56
8529,68.56
8530,68.56
8531,68.56
8532,68.56
8533,68.56
8534,68.56
8535,68.56
8536,68.56
8537,68.56
8538,68.56
8539,68.56
8540,68.56
8541,68.56
8542,60.86
8543,59.04
8544,57.27
8545,53.6
8546,51.99
8547,51.99
8548,51.99
8549,51.99
8550,57.27
8551,59.04
8552,60.86
8553,60.86
8554,60.86
8555,59.04
8556,59.04
8557,58.28
8558,58.28
8559,59.04
8560,59.04
8561,59.29
8562,59.04
8563,58.28
8564,51.99
8565,50.43
8566,50.43
8567,50.4
8568,42.84
8569,42.84
8570,42.84
8571,42.84
8572,42.84
8573,42.84
8574,42.84
8575,42.84
8576,42.84
8577,46.22
8578,46.22
8579,46.22
8580,42.84
8581,42.84
8582,42.84
8583,46.22
8584,50.4
8585,50.4
8586,50.4
8587,50.4
8588,50.4
8589,50.4
8590,50.4
8591,50.4
8592,50.4
8593,47.42
8594,46.22
8595,42.84
8596,42.84
8597,42.84
8598,42.84
8599,42.84
8600,42.84
8601,46.22
8602,46.22
8603,44.84
8604,42.84
8605,42.84
8606,42.84
8607,42.84
8608,42.84
8609,48.89
8610,48.89
8611,48.89
8612,46.22
8613,46.22
8614,46.22
8615,42.84
8616,42.84
8617,42.84
8618,42.84
8619,42.84
8620,42.84
8621,42.84
8622,42.84
8623,42.84
8624,48.89
8625,50.4
8626,50.4
8627,50.4
8628,50.4
8629,50.4
8630,50.4
8631,50.4
8632,51.99
8633,51.99
8634,53.6
8635,51.99
8636,51.99
8637,50.43
8638,50.43
8639,50.43
8640,50.4
8641,50.4
8642,48.89
8643,48.89
8644,50.4
8645,50.4
8646,50.43
8647,51.99
8648,53.6
8649,53.88
8650,56.53
8651,57.27
8652,58.28
8653,58.28
8654,59.04
8655,59.29
8656,59.29
8657,60.86
8658,60.86
8659,59.29
8660,59.29
8661,59.29
8662,59.29
8663,59.04
8664,57.27
8665,55.26
8666,51.99
8667,51.99
8668,51.99
8669,51.99
8670,53.6
8671,57.27
8672,57.27
8673,57.27
8674,51.99
8675,50.43
8676,50.4
8677,50.4
8678,50.43
8679,50.43
8680,55.55
8681,57.27
8682,53.6
8683,51.99
8684,50.43
8685,50.4
8686,50.4
8687,46.22
8688,27.42
8689,25.8
8690,25.8
8691,25.8
8692,25.8
8693,25.8
8694,25.8
8695,25.8
8696,30.36
8697,30.36
8698,27.42
8699,25.8
8700,25.8
8701,25.8
8702,25.8
8703,25.8
8704,30.36
8705,31.86
8706,30.36
8707,30.36
8708,25.8
8709,25.8
8710,25.8
8711,25.8
8712,25.8
8713,25.8
8714,25.8
8715,25.8
8716,25.8
8717,25.8
8718,27.42
8719,47.65
8720,50.4
8721,50.43
8722,50.43
8723,50.43
8724,50.4
8725,50.4
8726,50.4
8727,51.99
8728,57.27
8729,57.27
8730,57.27
8731,57.27
8732,57.27
8733,57.27
8734,57.27
8735,57.27
8736,51.99
8737,51.96
8738,51.96
8739,50.43
8740,50.67
8741,51.99
8742,51.99
8743,51.99
8744,53.6
8745,53.6
8746,57.27
8747,57.27
8748,57.27
8749,57.27
8750,57.27
8751,57.27
8752,57.27
8753,57.27
8754,57.27
8755,56.53
8756,51.99
8757,50.43
8758,50.43
8759,50.4
8760,50.4
